0,1,2,3,4,5,6,7
3538.5309028255283,741.8510571789375,572.721165380181,194.89688424858616,-0.01718088767456624,-0.01336613291026177,0.017531078398730172,0.1445499975565691
3009.014627624147,597.7240116728344,586.8354994066286,160.82718094037372,0.11927150627870453,0.37776285435952234,0.04059457757683113,-0.10647133238332535
2916.8858344965565,496.95232609301684,442.32590382773526,157.48450142852718,-0.027086261837537113,-0.008952124111688078,-0.05071067817279275,0.09439021292501279
2652.135490775999,502.08935819795283,279.6307200734476,95.04136662235311,0.09971735849663123,0.018174442827976506,-0.05951807707618029,-0.13571714911136598
3390.4831561662513,521.8540111775117,511.0351518748498,103.53440692763762,0.04575384271358809,0.006755317338814544,-0.05611065979599817,-0.01143658902912873
2894.0262261242374,638.7665814180114,472.88035017426404,139.77646856663432,0.20597767275074602,-0.0018108016477175804,0.22972506428850864,-0.38974865141360715
4072.0195389724613,967.8536763743017,933.609234551209,363.41863964117056,-0.14812473362068918,-0.19399673314393354,-0.3069827359264684,-0.11472975459460552
3115.220369301199,755.1391794383625,578.8246469057738,306.4742747384083,0.11194946610911198,0.26245349098430554,0.32702786296947695,0.19296912165060948
3758.9121996636454,969.3445521233061,592.9959569745866,202.84790652878775,-0.40573602479801707,-0.4806860950631052,-0.670328070315634,-0.7145800902982065
3202.5734487268564,659.6289516687486,481.82446427511763,145.7753098377464,-0.1697274131449115,-0.0009502172357818551,0.11780703483302421,0.06867562717226726
2730.92608688062,541.9400779630429,387.7442246252622,117.49972418591433,0.0006568496227594206,-0.08827072235549749,0.4219884126928966,0.12690105374916988
1710.0909274963838,386.45275279996656,180.1019653750545,66.55397156078152,-0.25767731935194493,0.0026158933152867735,0.29610882837118674,0.45358472388741244
3900.046505544333,672.4510282920749,671.2201954302672,152.24480847001962,0.40184015552410385,0.39771271815121617,0.9198802805094294,0.3845508597610716
3420.1188917497593,633.1838038293145,520.85672063437,166.45075660427105,0.2756920647002318,0.23100729026718664,0.338735294012262,0.338250193939742
3917.785904929284,1000.4562504380649,649.656085871332,238.85572341409636,0.21855174340029462,0.5358163865161703,0.30966669040794975,0.07602686634380595
4040.7877496901433,784.6675157373945,689.8550688791651,184.73863875478827,0.12870362904798366,0.18707337315442962,-0.14675077187945054,0.17246074472878203
3083.2769539966343,542.7122883689003,426.2950698330297,127.61931300428446,-0.05916144910829682,-0.09429289530221174,-0.011958111932466008,0.002417039144294324
3440.7715764767213,307.2792402119606,512.3232641052891,49.724873972305375,-0.043217164497033916,-0.018092045159688777,-0.15194958921699614,-0.1254163716285971
3876.0757882959574,879.6604879203043,626.3044676998534,286.32074001502724,0.025492487830675984,0.09070401045791937,0.2528876569746673,0.1878902657626565
2937.1675648909177,479.24174044028825,409.4865095534092,95.99704782760037,-0.28317187533423593,-0.21676592859311067,-0.3406747023714827,0.1811380364221292
4214.406273142437,967.7513597969414,873.248894374907,424.47726560380295,0.09068637515362746,0.02373339910563014,0.21351844195209907,0.1398749173371759
2466.4677515124667,358.5818370160675,345.42390101412616,83.62597932757768,0.07780527460362718,0.394200498840486,0.326059052097027,0.5957853985303923
2098.607606034421,327.3402407461064,313.5775810269222,76.89552683198862,0.43151050089721926,0.43421760652658675,0.8456294175669274,0.6753858764472954
1998.2832372635226,314.9112156419325,314.6090186912705,71.80207453904141,0.3212304929761439,0.33790788392815735,0.6672432332310427,0.2879817065102455
3699.858179786992,671.8085769061476,664.8675660209699,214.42477419838863,0.0342129349929478,0.008960634926421487,0.006988585657304316,-0.16504387889195027
4514.600628776458,877.0235921023266,757.1271840857502,202.1805307660076,-0.05927629558391255,-0.02478913722770121,-0.10660900886566285,-0.0585786510332031
3335.7106847295454,491.5199787250815,619.5028357946852,153.58083724406123,0.06530735108648736,0.027983671234364387,0.006136483635338602,0.12141868169540684
3708.2838802099436,782.71330935368,536.766862407193,159.33797213149256,0.12072672177442986,-0.0077284761004163495,0.16324822491244054,-0.041623274669228584
3391.061180897987,522.4122562546067,534.5324608449337,163.67200406383805,-0.2179057241925304,-0.363410830321391,-0.18915631516593465,-0.26167377286376264
2714.413670586671,569.0160631985004,472.84939314272737,141.6203593251259,0.43954923745324836,0.007980252882147156,0.43316524692450487,-0.1714286383979514
3197.41132711926,542.5777861872475,609.2525497345935,192.03925025779415,0.12146217319125738,0.2593484299928123,0.28456132156015196,0.11770982496106636
3399.0396412174496,403.91710364671525,540.7310928547078,95.16406847601411,0.02171563272475107,-0.0037914958157425852,0.1747258172741688,0.006708255290597335
4164.292684846481,710.8478657527027,610.6886982729372,189.41903248438103,-0.010922185465867526,0.07566020874120423,0.016348670225345592,0.21085021897436984
2805.297210864751,488.34353328636837,497.38553871606206,118.11570057607842,-0.08124447799371022,-0.15972851287228867,-0.04326704773618894,-0.11893540883691381
2604.5144853381994,433.67212659517577,498.14126660065085,131.69566908194395,-0.055607874716694684,-0.0019588650116606934,-0.002853642324771891,0.01007006282410838
2597.0363822522463,524.0518066557851,484.4279728502969,140.70579040682077,0.16669580608687778,0.07797942312785222,0.08772480190441706,-0.06957939035000323
2485.1664433832148,515.6211565305737,382.5211399451655,131.35844397099478,-0.2119428299252952,-0.30900827881148285,-0.32348532742027003,-0.27100690220346335
3150.838837254426,632.6207696123465,437.23015805680836,157.33300401965843,0.25846004219593344,0.099955553177064,0.32843329212153755,0.058985450528819594
2856.7060436813313,596.1774608858125,439.10258056260744,159.5058383057536,-0.20817789535715003,0.11902018125007653,-0.05910835836327735,0.040516864242724
3188.6436477093002,614.8892394538872,436.171271573125,120.46850618440439,0.16872369869152137,0.11730506841706427,0.15542689958667394,0.29494240595780036
3063.362222461781,564.3198736581511,419.891342179119,125.1662485180563,0.22756031803346385,0.24520215190080002,0.31964748070626453,0.19605883478408487
2782.8715187280877,455.39440465906205,406.10547442290454,121.19138195842888,-0.025692234407590067,0.001547353476197811,0.0012643515521435454,-0.036721395037769174
3173.8921373215576,675.5977765933319,490.65066066773215,208.71172393423066,-0.017498123485506226,-0.05394827283912159,-0.022687379079657895,0.05316094996579444
3229.026570066222,691.1106601337628,476.0499672509642,159.4718221744113,0.12071748457309295,0.0024349800319818913,0.30256924994379264,-0.06644716239150802
2707.5395903717567,488.10359467914253,511.6350838869273,172.29241827295488,0.015057077941717118,-0.2992098310979338,-0.036790342085465375,-0.17768532488654362
2609.155437202321,565.4357842011951,450.4076745469871,169.41774640520364,0.08013513301946072,-0.005751379183535198,0.12514139184786288,-0.028914837096236542
3667.418865553806,1009.5406416983402,765.5205729677635,345.3889747019157,0.16442450980948484,0.22743473278759158,0.03358148368834829,0.01710232791880867
3164.9218758202405,591.7500109180403,414.9000527387817,185.99340864265457,0.040971084504900994,-0.05116702791238139,-0.03898723319571587,-0.010868914353193109
3258.6024388193036,543.8718323980183,463.80792915661607,135.19099307685653,0.05401800589274966,0.07509058580659143,0.21147378246633855,-0.003345927521614259
3783.6470110459986,656.2280678994956,672.9915548714793,217.5336034919625,-0.12449243595842532,-0.029917888156726333,0.10864880582579939,-0.24079026371555634
3973.752712136983,690.2314528747015,633.2020224733831,204.0235829723274,0.03554143302939461,0.09589070017476364,0.11671801885429699,0.2580697175692457
3482.5896637275923,900.863113741919,539.40599368871,202.69067837091282,0.15897445462738663,0.11919135585146395,0.0692840678683238,0.04498615780482148
2893.561703580114,733.9494721605631,287.3892755103045,119.77699678554146,-0.01804747731940685,-0.09293785945758626,-0.11192907159450935,-0.07803532082118106
4109.015631780988,800.5612954143245,605.0106468518159,184.02891072297314,-0.014226175432140806,0.12835085239497995,0.03151932561493636,0.04299411935926923
3566.1386673044617,539.2708823211849,640.8867301276313,156.08390366161282,0.14562880521296873,0.1727280782847492,0.21884054794447405,0.22521797358600487
3888.3621756987186,911.4962655208756,579.3934101136983,203.10756793507298,-0.10398732507981563,0.008472188360776475,-0.38588713164315774,0.20610753084417965
3595.7377863335705,630.9178039719895,656.9454682190348,154.62836870792847,0.05596892042957341,0.0004044197380926095,0.039586037161151486,0.10200715083178537
3500.838951957274,701.7809977824805,642.9020998622177,198.93893304724563,0.12214560898222691,0.08352329833729627,0.0011071819952092274,-0.09082731808159591
3627.3863176203286,941.5968422483488,736.3316552340223,300.1765936975692,0.24320536826002728,0.43760990989368403,0.44265216524605105,0.40108726424176144
3444.8701481111357,730.7370874827802,633.3787253509245,209.8377332773502,-0.006889247377726355,0.2193653901866858,0.22257573438326556,0.3429227719337577
2284.280494331951,493.2576345663424,279.65488918197184,132.69900933070016,0.01605421977030769,0.046870357542942755,0.09243641072301488,0.13081987843979473
1908.4852694515075,420.7075711078481,205.33237291368417,70.8995818633094,0.03170949372885547,0.09601648434393623,0.20363391613175172,0.23277621941003068
1721.854475923035,327.0759920568435,230.4111067154989,91.66368759155607,-0.015098132017242336,0.0032011694674051166,0.004011182648116162,-0.13913103946472216
3075.1762838773934,686.2533408774941,445.460231989505,140.2133012100604,0.0037193123070800305,-0.25720478722411444,0.19930209145033445,-0.15770800250286737
2588.702336000754,589.8368647814403,351.82663650265,129.82520855705218,0.0825246236873789,-0.04878174031365596,0.07843488653409429,0.031725360925073
2845.7840076873185,566.7379750614368,280.922403358441,113.07840996302498,-0.06121269307209095,0.03120013119906676,-0.26113383576873994,-0.17054943396471284
2702.4770323847097,684.0136048531043,542.3945420627547,200.61145380857067,-0.06330696916465171,-0.03447726591786438,-0.01709037646971941,0.11703424515974158
3227.685120978508,653.8860859185376,554.4451303262628,190.788574255059,-0.062240747876566076,-0.6890983346705969,-0.23908736728232838,-0.48707084754932867
2830.8522314329157,488.1585173094211,388.36758850722157,79.73797742999872,-0.030160182129187973,-0.3524686203116066,-0.39060482278402797,-0.3510811318043565
3403.818661494148,641.6629110332896,595.3613277793231,232.88948676070044,0.25799528500895874,0.3979038385512998,0.222987075830584,0.2782689090100954
3883.588458382971,673.1814883885652,706.2720541572248,228.13186480676887,0.081837888940291,0.007761014559000141,0.0741433951858584,0.08868420792272963
3724.4341738582716,623.866664180918,680.4058549366104,240.96763522385177,0.023406514289612976,0.09927405696482498,0.22542383051685946,0.1481170784279894
3072.559381067231,644.1578202321307,405.23716057628064,125.4695892342122,0.008651752890052615,-0.1932506117100255,0.04152897683046015,0.025596031385413453
3189.403240084851,796.4047249638732,662.6619519164767,309.19945746208356,0.24155721017347664,0.44406746418780074,0.45774456288787807,0.27615699995105814
2994.3238405977067,614.4815886816652,383.50042206442646,120.90134210093991,0.09732009507256775,0.08813044070324981,-0.028543378079005328,-0.038559755233341875
2662.6964781680426,509.298113773797,449.6402942732865,193.0396495250315,-0.21203909963437423,-0.406056663467814,-0.56428493288413,-0.3230983536217664
2238.3610738677303,647.8501480020691,428.04016749911983,213.21508220336924,-0.0633753609432545,0.28147979839673265,-0.10620168560786776,0.2693230736250153
2697.129028005691,562.2222515444118,444.3724308168435,193.65339268998463,0.1083589814620057,-0.271104862989323,-0.3872819828133939,-0.12133059749622534
2741.4927384668213,497.6131451419246,501.51672147155864,110.44126471433195,0.023350583961280206,0.4782311352846994,-0.0013945060372304464,0.1479644589586632
3425.782022769081,779.967751875627,497.4904150196094,180.96036789156042,-0.13643801028256813,-0.10265445640349488,-0.1879181452575519,-0.09466103022644157
3383.936238120792,663.4554824658137,480.4099426057897,136.5038679360015,0.008153071728338283,0.21075325422473357,0.08165479380766166,0.35957490139495235
2823.2114506930284,863.963990429928,419.11056324415335,214.9224459706927,-0.13771123370876834,0.010316727780614404,-0.27157673136649674,-0.15143420239797317
2080.9538883277037,409.5290208430779,292.76673959292026,112.81120010766293,-0.07764855147748384,-0.2390427687860162,-0.39424785687946307,-0.04922228406831233
2763.5148248901714,502.65187920230665,315.7511792344571,97.68768957471636,0.16436382616389894,0.2346935516243388,0.5025599218698927,0.4803667042362192
3731.776604555192,649.7561436776309,477.2236939062764,181.51339277753732,0.028924435126245533,0.029854856623121807,0.1704021894558678,0.055625526694244504
3106.0711770316575,763.6736860088288,360.3382143545768,148.21670827034504,0.0019619658243794705,0.36409096333773655,0.15324077939017405,-0.014955500917147282
2608.45415093511,359.46012788124733,370.793014672646,114.51528613101512,0.18470743914568166,0.04834043707606803,0.19554204561759989,0.05574397006153396
2594.2349773213327,605.2473594419088,425.2832760833035,146.70629177981198,0.13163816404313738,-0.04348352142181436,0.14907012044267579,-0.2666010729502315
2852.257549136501,548.1386278132632,436.99665270536343,170.0074387174676,0.14196139549099274,0.06368188215697662,0.021603370621699466,0.08514375596053841
2701.936185796443,487.8321038709813,485.411639429752,147.5039130414329,-0.12116773061629978,-0.04808467720276084,-0.13679220597157898,-0.08463950153190435
3590.7744730370223,732.9076910595109,459.91006106710915,178.7513635847818,0.10724879691655681,0.011995858344983613,0.11394432722154442,0.043932172819140206
3287.7164979764957,708.4876849733843,558.591713015425,217.2104047956723,0.2233792995814579,0.3491736792779112,0.4559353862758341,0.22867108287475632
2702.977272067239,511.89668882586136,349.5641289202092,137.1942996584819,-0.06753091241203256,-0.15341973615671944,-0.22393470471626828,-0.0418044128060851
3179.544979380463,649.984401191936,498.1853746474673,144.22201107240858,0.16856026706307625,0.32268609430685186,0.3714357831712615,0.155736562045046
3762.8819024873305,716.722852346805,614.4865759427778,140.93127707781608,0.36538613177798973,0.5390250767727157,0.8631638954191507,0.47012063849709396
2267.635146680197,371.59250536738216,375.7248081809733,95.47742204220549,0.23407684744157015,-0.16220104433743568,0.16864597816754984,-0.0008552090288910337
2225.0605797142216,441.0278508538138,261.04781615240375,105.17258100130073,-0.049844680259691646,0.027752446110361186,-0.032692313392930696,0.10952817953480423
2002.1039233123524,540.9941420707485,300.2381626750765,137.64625432319428,-0.18637983938437125,-0.5800038552356902,-0.13378182329692692,-0.3082665145843354
2464.903020178479,533.5973625420786,373.9166060655877,191.1521963612502,-0.10548301603878649,-0.008201076477138114,0.1261111064193048,0.0289179693705263
2951.3678624949607,728.8590444753065,487.52914659811336,196.66861680201686,-0.11177782654122574,-0.100346446217193,0.0852889663299805,-0.1504160433900113
2932.0226245256963,610.2025796086165,415.2655332971652,171.3815814212149,0.06113318208400688,0.02385974295271783,-0.026135598503782914,-0.03404923799301698
2655.2562184737008,678.6279183501201,428.792343816745,170.94287409667015,0.09326745606719074,0.10910172983864158,-0.0045916403479435005,0.09414323948252837
3266.820680414364,920.5926489323261,604.1570483296099,252.78578642442363,0.24921755324293407,0.817326634000635,0.4123726134803619,0.549234168073643
2949.737262665102,651.6506389706166,529.0332193914063,183.11151136043537,-0.05712498397905859,-0.16454934050473885,-0.09907813364544941,-0.15859468082266
2777.3151437057486,640.8111267138797,589.5018936554413,220.81855898321515,0.012687434739147954,0.04368166629360295,0.04947903293049754,-0.046174840773346174
2015.429893389089,385.939528732616,149.38495670715614,67.76222715402628,-0.029883271064460155,0.13799022511992154,0.07425409532533285,0.21349404604859226
2403.2597604936796,352.57400206863304,314.08830506677083,82.86505132940505,-0.1556248192425371,-0.07681098948805243,-0.22162151509994898,-0.032340550698294154
1791.5520956142575,335.51829668602903,312.82483490563857,93.58087144171786,0.11200007452442534,0.06640819609482865,0.06564676097274066,0.07231747096311937
3297.2937201470077,656.8856013660957,540.4304898787109,170.9734193638808,0.0490014253417493,0.17230950324141694,-0.18645044527875565,-0.007199285073986514
3354.1015119813956,665.228831014724,575.0006368944911,224.33575584985786,-0.08532246074974037,-0.22351638620814668,-0.021975449861325623,-0.15447699084284758
3691.253721706704,693.3195649463578,575.6039123328337,217.21132973644086,0.0990308336933395,0.05886588251005018,0.3046181796449058,-0.0018881682971343666
2959.7539876338797,640.8953381583583,541.9289022616374,172.2915994046199,0.20774561250300602,0.17125880811817143,0.46609267549619754,0.3201112030544327
3629.960996958246,708.8570612329142,672.6394480878987,190.5008080094029,0.15717170399691904,0.021047558499559495,0.39812322852456317,-0.18438538140751695
3057.1061577081823,598.7869358476792,551.068133306148,189.68534849540595,-0.012033709121530465,-0.0960295245455841,0.03457103323100895,-0.10620766461614442
3258.0619699805607,659.7578394025975,498.96277310658087,181.5678249729283,0.24370089191356525,0.33618783957121984,0.4046450350033688,0.22755978516867026
3650.140980153461,851.1496675919599,639.0880128197306,263.92884699944034,-0.03260768310414181,0.05142457616629154,-0.02230264431709704,-0.00467934274604145
1858.9302943963617,351.90207146731086,269.3571008836458,108.54131855497661,0.042036241220854226,0.08539917133367099,0.08595255162130153,0.003913735555521516
3061.9158391726814,597.3717757904258,506.1720403474919,183.88649866115466,0.20562714381984004,0.4008765774160784,0.3610141138109198,0.32632989694636705
3141.917326361823,625.0959758176809,481.107757678796,159.815305655648,0.02206769062104659,-0.030234880024918545,-0.07180473470907,-0.04710435697840397
2955.259128258484,681.1921812161936,452.61307068751853,145.6176746731221,0.023973340844942934,0.18542132616799895,0.2147552580520711,0.031127638466326303
4246.359022119983,765.2348266081377,749.8365086286178,202.87264408514503,0.014322447921963076,-0.014171572694071268,0.09938902963822699,0.07110575318166525
4268.949216720199,698.8163745985509,740.3102088436848,182.60794078868526,-0.027870768428052063,-0.10641954490906888,-0.0163978388317355,0.04467780500101466
4460.260293359126,797.3864117218573,826.1358213191622,207.45694667911454,-0.02182063404410409,0.04590392996307247,0.023474218978062546,-0.004228678768712579
3155.4490269404296,649.5529816696782,483.6834439853566,154.90201878872426,0.04198464104820719,-0.006423563886279117,0.06998869121926025,0.046382913098972085
3160.859046948837,671.407575666217,499.918119153412,156.54065475153206,0.0060907154170426,-0.03626488423432943,0.036497744572717414,-0.00815038411221471
3183.044035701867,583.3841528161163,465.6987208366871,146.51967732848394,-0.10970518616171633,-0.0585094302919963,-0.07188791890400911,-0.06386001471249038
2863.9330378158465,513.0338125911057,335.0744851240387,100.32410075968569,-0.32941793733756325,0.11498133757076733,-0.14231744355891993,0.26206086183672833
2404.1739125085714,494.1263742518652,288.2982362689644,99.52416239394833,0.0019781847129338504,-0.06386147200202746,-0.0849509273943635,-0.047186442303310046
2884.708561403161,514.2284795721891,344.5072351608944,102.77298789541913,-0.28949284527323,0.15333161158133624,-0.0702465044701781,0.43091933829288376
3854.5363537875755,588.5107195837918,641.8745021509861,162.22828819695866,-0.226857729756737,-0.1343450436854736,-0.5992450487912372,-0.29036119990673553
2597.534168907791,478.18932728499254,392.8359080222927,138.71948624376114,0.0032769671850513926,-0.029209808709263787,-0.14903279489472882,-0.11146662056517795
3496.553217483782,804.7916516984601,588.4615815613624,264.5129625861395,-0.34431655689232543,-0.370620856961255,-0.5383149425788512,-0.3302523660516512
3867.6361464002493,729.4104460771362,571.5881673509028,194.3873863095165,-0.18023732332075637,-0.28865624390785993,-0.2025715315298739,-0.191435812989359
3303.327264270426,775.7185955325147,429.80402165732363,154.42479488333402,0.4499363239449979,0.3239716917152146,0.731081699924241,0.2851374437747994
4796.111648401184,881.836495736788,761.9120801881263,235.1962935087819,-0.06342970146052197,0.04746359097655941,-0.25775808987168325,-0.10080195117467329
3050.737534221654,568.5306168045822,499.7575178947259,271.25935908823817,-0.0431658511753902,0.16058772198460994,0.021974448131926158,0.09080998093660572
2766.3873163372223,662.7015363449785,473.15882618788373,238.4665890487443,0.3726768628165609,0.3347726372508596,-0.056752632855557116,0.12722352907950985
2831.1400931784215,836.8360854450003,619.4805410379229,367.6745479728574,0.22953378960035722,0.12837863012242,0.23709477126209455,0.18426380787890273
3190.6386607829377,509.732462553358,518.5146932062281,173.1823440201686,0.08028989114196664,0.020088361776213037,0.14363023092064564,0.027323856563572828
3521.1053711939703,761.6542400429712,566.275635976726,209.13361726279527,-0.027824004186130555,0.07890313592796813,0.008443300330072743,-0.003573776396236375
2409.351478786125,425.83549191709557,461.52775724536906,173.33313938857967,-0.0380387519550498,-0.12530695703740338,0.07952687710920064,-0.12356773843068211
2795.1202502397073,663.720460016728,461.8782626665601,206.63706813905748,-0.19060582786440947,-0.33098937865885303,-0.36464245874348916,-0.33466428386109504
4312.919148099614,962.7337739441223,673.7550416368737,274.56749136746964,-0.03906903386245018,-0.023475650480771416,-0.028886310891749784,-0.056504473464715654
3238.10800532938,597.9320629019749,483.6855540765155,147.11068859591876,0.18693155848886936,0.07939698369479949,0.10684279958687654,-0.03654932363428492
3084.6186734351436,680.7805632343222,479.26690889448537,147.30177449032294,0.31102871329853055,0.4898747224637393,0.5159034474659536,0.6480056818218768
3573.2870036332806,729.2246617388541,511.66752138045933,125.84085857880265,-0.2955125059439713,-0.06660398021000617,-0.528053814710752,-0.23234571636265458
2879.7664357966155,431.14493943885634,381.2161205344628,98.11460553103096,0.06760685965002775,0.1235276057966315,0.26735940322659013,0.1564990551099488
2024.9705043998442,454.20996535779415,399.49460834858917,182.14093605062595,0.16285361122144146,0.14877380273853286,0.10293323321645872,0.05903630770235208
3977.302706963779,841.7209323157082,523.3455717449908,190.6649441907839,-0.3097319666572124,-0.3807798981025688,-0.5832736470769311,-0.4355911746733313
2427.8896227882337,541.0324421613526,357.1207159898448,146.143851280171,-0.04584697004555104,0.03610970996833077,0.0698290913476236,0.1133867647572203
2802.4893051807244,379.502066929002,375.6109363630323,74.64076739755662,0.14591284928109227,0.19459573491338067,0.128010822079304,-0.03351095198861499
3216.964687863847,578.276622653601,517.9796107256315,155.90461081871112,0.19109363736171306,0.3397852801670017,0.21547663736815403,0.3113099035183572
3296.7283191968463,679.716410384759,548.2498590385186,166.53226440196963,-0.5280929770175407,-0.50444070497434,-0.5977090253363455,-0.29298590005012304
2588.876447376252,439.8058186764259,297.3282442292368,95.65923235896227,0.1690149998878822,0.03442429447925286,0.10258253419112608,0.1361554712805657
2610.925677143143,420.67181885630066,323.8246089138856,100.74809160604968,-0.09194164336667437,-0.223064306634428,-0.18004024227942478,-0.259804908185866
2547.26571350089,422.2321799350839,295.2715379284915,88.33925290219833,0.012119273246791112,-0.049774686981438415,0.09092685865024797,-0.07908784848017342
2022.957321788299,313.2727286502465,206.34535909504555,50.89997455423689,0.1290021046023649,-0.0008473738037495513,-0.04403015422943417,0.02767457196398252
2452.2572339850335,506.10032436879663,257.58984578058016,85.37617399515517,0.3014092417375739,0.5277241651500872,0.6599594607764018,0.580988964768507
2089.552807231688,255.0339081185706,235.22110465099058,55.19076859638713,0.16543669373843722,0.032458117631830236,0.212374905238294,0.12418032235274626
2831.582818393804,571.2953359567014,328.9692184080744,85.66382864136011,-0.15560690953565132,-0.2331453217367226,-0.2444142490721984,-0.2680255912348329
2504.764159442812,382.50312154502967,304.555280627091,90.44754586739673,-0.09007347911474567,-0.09750208328275811,-0.10968707767349352,-0.17678984747998538
2632.750418714128,458.2802983917943,313.9090583581676,101.48762887193104,0.34417249992621607,0.17311202477631676,0.4072484451271382,0.015716785797433963
3948.092382380189,888.0398904038414,659.8361915964672,260.98926736106154,-0.20320280974922472,-0.19349327669413108,-0.2598529746193121,-0.11482957807872776
3539.9994985048083,780.1336252012239,552.745902798411,204.9850423354236,0.08854908487186643,0.17175309105142272,0.14305333155963854,0.08501267930909698
3752.947238801112,641.6866281626693,702.5093878639632,215.15073452859824,0.21293827648593475,0.4087100138971735,0.3468313430966221,0.3249557378236824
3530.670624467457,598.9349046048867,494.00552033683846,100.83155407964651,0.3815583106946975,0.8770554259750332,0.48465969402744946,1.2508797621572383
3078.4868742577596,534.284112927611,423.5064611831633,102.28785715493541,-0.258638328579349,-0.2356949768034058,-0.6635050577645002,-0.4719386271570369
2447.6269120937627,506.5697039412115,332.87485454436455,131.45710098737578,0.06729634357713056,0.10050613852462337,0.05881456584646455,-0.2403492725291358
2782.378511693385,520.5390440706725,488.69252389491623,178.0651333796465,-0.0025080738707475587,0.17660235849091543,0.14473957764908096,0.11415879093617691
2545.469726876999,507.1386743856216,434.56832275876087,151.83521811377517,0.0586679021255093,0.0008795609464416342,-0.09042098379651431,-0.07973818183889392
3254.359359426302,619.2399079631805,506.7457573900918,157.33455343300926,0.08901812142907936,-0.012122492747710897,0.3178142124019008,-0.04757269588767079
3968.344580232785,787.7565063871012,546.182840868147,214.28157491866267,-0.345283618099277,-0.4022682884527238,-0.36179202185374415,-0.2388299042101869
2644.64361584266,582.5673493424403,396.9036770578838,153.78788374840465,-0.3393152345154055,-0.45744947017371707,-0.47057351724386803,-0.12065405640786661
2757.248345203793,585.9313823818741,452.4975344679932,165.21036887361726,0.39753766145368274,0.28918305143553147,0.7047057399009659,0.1196137904982899
2919.848720853036,553.1543139262487,510.03395808653045,261.7550352582304,-0.007494207576153315,-0.04916329060774134,0.04439383103168759,-0.057096130158905856
3084.525908228956,604.1520439739102,548.3085149287747,224.6889075742199,0.31752814906764915,0.163681849857248,0.056429674768748106,0.1117519234986263
2430.7329725726604,500.81590439827283,328.55784974231943,145.3196738916473,0.06821855102803412,0.051161765292171715,0.20017500920791104,0.022831064487890927
2980.1204925530083,547.5801324414731,414.49563919376885,139.71584556746416,-0.00752912983939507,0.007737148447340294,-0.07727535169780865,-0.0778740526170793
2905.556637627722,493.62753374628255,446.3709178422873,161.82523992277675,0.17874283351487535,0.2562461003264651,0.3277016932358026,0.05549024481000514
2731.049664517742,487.1875293902118,469.75229936283927,139.14782294695576,0.08611362423202021,-0.028239308188323407,0.20182581726742607,0.157303827622658
3469.123153275171,595.8530324104494,560.2475103003976,191.05973545649445,0.025227504537318625,0.06537778224522739,0.0036229497196985467,0.021808641678088568
3755.9715418949445,737.383146969388,571.6200368195094,208.18931490094275,0.2368292221598402,0.012835284462334394,0.1757850468287052,0.0567230356853576
3186.8429663394795,536.9247890301084,510.04993687719946,178.7949377056387,0.009863588946968293,-0.0412867642321769,0.04049275416546114,0.104176105593504
2361.3955176916115,504.6942734068773,276.39559970400796,99.24261503804226,0.039994317228882484,0.04407851061423831,0.15033787119436576,0.07689312201149878
3014.822053878799,692.2107421482831,312.2267573679092,120.67130775930697,-0.04017741853714874,-0.11454758149941505,0.29591556954951087,-0.17553743521432286
3328.980558668178,614.9674003418625,394.3570148757898,92.57255308891544,0.009620925285165578,-0.41534896738689797,0.0908253759886445,-0.5012206175951556
3198.6217332984797,686.9559486879837,493.2540839980834,139.95641536293778,0.13465880037963118,-0.0175635918922707,0.09695367498496044,-0.18319595981515846
2739.273253816238,510.6990822037469,384.3935842409607,118.6207895709248,0.06365152966973331,0.04352600394299737,-0.07826002373127319,0.09484395888122092
2662.9101697157375,500.75622780635496,356.20777578998343,89.00036349197926,0.049482468755097944,-0.016413143331338625,-0.05850321321646709,0.28555139500074866
3365.5991488751465,865.2426942750806,507.9216174963812,169.3279733116969,0.077476899118153,0.002857767131899446,0.3286077452226642,-0.007694125229425956
3363.6939133614665,860.7374816173838,488.776781239666,160.20486513372535,0.10454689701390871,0.07392868708868884,0.3586722400175906,0.0753887648529086
3412.5577742127043,853.7495598282321,479.1499379931602,161.01296123974515,0.13585125755799338,-0.10171401118206694,0.18260508301887585,-0.10080876258405827
2502.0067079652044,542.2262197092563,416.9660519451115,140.2014985020187,-0.11706718203887215,-0.19149280920639053,0.009323108128000681,-0.09297384815810261
3515.4935271612676,685.6938112660778,453.3438899354088,142.643230790409,0.05971849833155447,0.16065450714670224,0.22447468775136714,0.0694117951073997
3028.156606733603,614.2653685588525,467.7097500657656,156.439285407062,0.0868693482057569,0.02638260849569116,-0.05441432454809291,0.006238040571366722
3026.677975862578,620.1259127443786,547.3546130995808,175.81763007674482,0.16684174301242566,0.011643649452081233,0.25313567209503307,0.042554257675118196
3008.78098334108,579.8776289908728,522.4261022664894,179.50575039945656,-0.05682260684552111,-0.02141642521025567,0.029659190688238773,0.030318577571667553
3013.939479632382,569.1450448028645,520.9461157837131,176.38985764916322,0.06442664931293654,0.003999755771385931,0.06597307407397249,0.09163296920662764
3848.8686218315233,704.9963058754753,653.063818177082,168.35790027422428,0.2419908427049151,0.0448511652041778,-0.00415842295939701,-0.15978251614513975
3720.3360553310677,804.6304498304446,661.9374218371458,197.34603606716342,-0.31639158805013856,-0.06456958934931215,-0.6323839679869283,-0.16699422433249025
4007.8254915486195,620.6339304301471,687.7039795961911,147.4599498085523,0.15118034080424925,-0.00028472384755526096,0.12949498482651545,0.07354942485836756
3838.3923003352697,905.1029761586422,758.4774169316046,280.91000448475506,0.33219308999592184,0.2874037671245026,0.2764069923393603,0.014656070536833876
3148.641579699323,738.5385182260609,501.33812290630084,216.58885626608915,0.11363618525210288,0.12147205550061949,0.20933678051609744,0.14966624001373247
3645.118296624929,1139.2257083408128,490.6214827141696,225.87294904586304,-0.3662832098040909,0.1290716115303117,-0.24310888818805496,0.48128289856089684
3583.837517727705,786.3437650225205,464.7156968911089,187.8641792881656,0.33502355917068044,0.44863631419792854,0.7058404436139071,0.4172954797069279
2101.603074475703,424.40293762530786,319.9975967917942,112.83339403900953,-0.16335092179033553,0.013533082705665328,-0.2876501704333435,0.13357377837325685
3327.7130569207666,683.004354943369,447.28717340367047,190.62492609026782,-0.32604055244312646,-0.15544663192637537,-0.44160005003494013,-0.22499108103404733
2535.960258146465,528.1426193414466,402.3136864828882,180.25732018143657,-0.11982122325905348,0.06927064455762844,-0.20454088215824529,0.2641624933140059
2334.9642337657983,486.89482246744024,415.4217975838492,172.5605604129775,-0.004739379895030563,0.05532923472478273,-0.04174106547056821,-0.12454125090181836
2668.290688816802,608.9040018509271,381.28568734337784,152.2643412069624,-0.06669653897577967,-0.7548930723275457,-0.2964316206805958,-0.5609147839321218
3233.8139139663035,781.5411700400074,573.711504892236,186.6737417807497,-0.21033943596172058,-0.09458340604207596,-0.14473389271939593,-0.15494689135635548
3736.166094890979,1017.7072580906396,617.0100009937953,233.72161266446147,0.4809725699308017,0.5842062628810013,0.916004216254545,0.7195092234323985
2745.792476432239,783.4811307360201,483.7704145988217,286.69879551634244,-0.0749993526668698,-0.11086487573012566,0.171465387524708,-0.10102636574957426
3646.9231419777034,663.2792765517374,612.6702523430592,136.34909751740196,0.07469525802876362,-0.3195885322565596,-0.09239049602804013,-0.5366936184087597
3391.5365384787983,799.4114176741389,617.0692123634433,203.6525236889854,-0.08505402964865048,-0.13119340712378189,-0.01112913285911306,-0.1118227848347301
3258.9288419668574,652.2287779849908,533.8017040524209,187.46259155140882,-0.060956914420711016,-0.15280324964669206,0.15715101065616788,-0.0855151595215449
4024.0565596720057,626.8195204970106,672.9901335278372,184.55125290677327,0.14492209414435892,0.059130287167872636,0.2118749335111384,0.0544058911463701
3348.6865790663705,687.5963462159277,515.7116109686214,200.01978442362923,-0.03486931004500002,0.01833377031411686,-0.01104065885492824,-0.021724903219923614
3437.575167376649,714.2216142474433,529.4897822352206,200.37929041148374,-0.10699157454154089,-0.011815828929116638,-0.002952969904444261,-0.1257788556356556
3107.3521652118825,725.4543033254481,543.8526508346386,228.685245944961,0.1651066386280256,0.6285289103641354,0.4153638301184948,0.1540493087541292
3191.2514677699182,718.193409958418,555.196277668518,194.6911437092487,0.18651092044973613,0.5193496037572405,0.42503697813194863,0.22846949544513492
2604.4155078325603,454.23200371170077,376.26675299811905,154.47963404615302,0.059787840874848064,0.10467434281932642,0.12401941480213721,0.0556660260569551
2846.116840459965,417.6932988171634,492.50388978012813,101.02554551892806,0.2826176328139834,-0.05564620188749883,0.7255044919696383,-0.016052459804812902
2770.7968025392133,456.2238571530206,379.20073201801273,115.95498517305407,0.006185017480306634,-0.11335262102957257,-0.013393283617660538,-0.1773903863481978
2628.5645856140845,437.67812465645017,350.45871599617334,110.30089545039638,0.03754431676693312,0.08204933073873087,0.1209343175998651,0.10152996889906729
2400.771262692406,510.4730501946631,371.51016901114326,119.38524547213385,0.0738877966329931,-0.12384563260772342,0.19114397009349687,-0.16904388919169644
3265.7043761378736,741.7896989586544,460.16235429789424,148.81959247407883,-0.42606523124069984,-0.21895005754410832,-0.6464040600556678,-0.35025352664332843
2844.758225672992,523.5527275822546,429.1925836151515,168.3706413704782,-0.16199996551672602,0.12630541667626066,-0.17438487119649532,-0.2262524033553257
2340.454675494376,423.16638323916766,337.8935186094274,160.423986022649,0.01957629057662928,0.038975375673499776,0.10227743761369104,-0.0026565639030411655
2304.2480624082377,418.9952470636729,316.32501980134407,161.4436677591527,0.02467214433052709,0.031750730659640465,-0.034401045968935146,-0.01770862604197387
2283.905889167929,423.25231141618804,312.7812898070981,164.65639739355203,0.06757979480851672,0.002945578115867368,0.08301542870844134,0.012133886119713982
3186.771679476124,579.566412285008,475.4854495250014,137.87702680506882,0.3758175059339724,0.5362589634531136,0.6053094480118191,0.5971640862172978
3205.176220123775,580.9630133530475,502.7862326876848,161.24911357722638,0.42391472118738827,0.4309222271623472,0.6679276544964146,0.40241958210124035
3180.020043683202,564.2700187183463,493.9385778548519,157.44335850891508,0.3204025208178063,0.2985253298070885,0.5729867083507729,0.23230135862012222
2898.77082137023,574.699969532684,493.31991915106363,256.32989218110356,0.1404885758366615,0.08026080776813584,0.3010567045290966,0.23047202582962717
2899.5819996794075,580.4047373035768,499.61042665434405,252.97404745953796,0.20641707677655338,-0.0987470852546666,0.20405560311256768,-0.02876389490544197
2828.937267936465,543.7642639834585,447.84042347769093,201.9204875956889,0.08227590998071779,0.1661450711892452,0.2474916160310459,0.12942755812661952
2674.464533115781,513.0815617466401,343.0771900697103,89.81138162402758,0.20701816120550673,0.026210107832543142,0.25623870226352385,0.0677197577068611
3264.425158902194,820.3909022199716,423.90298708959403,136.8840559041539,-0.07364513400788303,-0.02664261909299829,-0.1885439908498261,-0.12598254066415737
3927.3060100287034,845.6493279780384,409.69185568024204,154.9282374656316,0.3149753343023023,0.37349343852792,0.4998987266706801,0.18074551911615827
3071.381181954435,638.3735235833915,447.94542298261985,143.5116310938663,-0.3641001959762152,-0.44123157429638726,-0.39840963515757233,-0.23533596946183066
2952.128390490799,513.6053362485578,441.3103609450592,105.17690922733752,-0.27505963046062365,-0.6240526015418223,-0.37358791950119735,-0.40398253020528074
3439.371134272791,790.3029991204753,536.8498037280048,171.60108406541832,-0.19915044024023928,-0.4001901896826842,-0.32351578332315767,-0.5008702383097365
2628.034203917181,437.02880335956394,327.13560275401846,118.18261371207026,0.0038337827667990626,0.007561846200672995,-0.09839085777396621,-0.06278572863189724
3259.1021938506856,780.903285680334,471.2557424680423,157.18477549012837,0.3265238343523966,0.6583079224935449,0.8375228184971111,0.7052725706165093
3064.522445412961,612.1442789529922,472.0313952666266,154.16619130280384,-0.08438513178906921,0.03890621786279127,0.20615439253747417,-0.08097606556887386
3570.963473489172,699.8300574551973,592.8878669921943,205.59168916264468,-0.040578385306402336,-0.19359412223600675,-0.3030830188329995,-0.1637750320003247
3155.8722475842756,598.1441310752845,515.5994675794888,168.09278763379123,-0.1040031276521337,-0.006606141200154724,0.15348733254617583,-0.0689752974303307
3165.5008666604936,589.3608540961187,552.5143411244119,205.5094648784233,0.21481385952225632,0.3096942744216039,0.4454068324541014,0.29650717403682486
3065.3639455572793,601.938168642561,525.9388995794525,163.7626730776526,0.023557965929090468,0.29350620199643246,0.3354487866616511,0.1406951711476378
3042.973796843753,536.5632044468107,525.8203644481367,144.81774949095438,-0.02500178963860953,0.1854305273567804,0.26446674792114294,0.025485433167947352
3151.8879666677913,553.1461958757305,457.6789090807997,85.42897447863862,0.16324873820926056,0.20911020475063136,0.5354506276558916,0.2896575203352191
3170.966919375384,624.9722213753109,507.13642099406553,146.2097911674038,0.12505782317777558,0.056722262669329025,-0.05075980912849257,0.05269323277572212
3054.522853035176,545.5685846395307,471.2968245990032,110.61558693214343,0.08859382479332278,0.1543618980618628,0.14367243607003308,0.13745878997107652
3163.081043657678,697.6356078696047,519.2052988963846,170.64127217812603,-0.14049064950174897,-0.06192773195411981,-0.16547042209477658,-0.01879843580549439
2730.306859652968,405.38128788428645,441.78596091941967,100.30195626148752,0.19359739578877255,0.361604146064431,0.4552681387096447,0.3844224521472589
3438.7986404833164,700.5158272387663,608.3376244977968,173.6830221012728,0.36444333108661503,0.42849586432728903,0.12332159573782568,0.4070195750684766
3130.6455356804972,628.6849376023596,551.0404218975359,134.03549943360477,0.3023077672823662,0.3322708671567727,0.3499812019017517,0.4669469531832751
3655.197831383649,718.1543677359559,704.3206859129239,181.38835965339763,-0.1452852077522541,-0.34688110790721544,-0.36065678974961196,-0.23762031170604758
2816.376368737533,632.9724721681089,472.5518056533126,188.73538559002822,0.2338918257895376,0.12532810951143536,0.22843988544289884,0.05947481972514426
3007.43717726432,472.9898295444017,496.8217041149565,177.10819073111233,-0.07553912363688788,-0.04262813935322379,0.05940648863440749,-0.16598185638873786
2942.2391135985604,604.5070701829487,385.0870488736472,141.04796441321616,-0.0030915543085427402,-0.07701869025543623,-0.06687068740049684,-0.06680631788181096
2937.4259428858413,586.2297304210751,411.35480023139627,139.9950727979777,-0.07423117153035257,-0.13250923658405467,-0.03442002809577842,-0.0792911031197762
2760.8389170271216,537.245330406364,461.6001513063516,177.43234200705658,-0.00022956015622302428,-0.30366961971017914,-0.5305878450475418,-0.05636789685960153
3443.7583725467,583.5509112160152,522.7756531986759,137.26627718678083,-0.09380159942216384,-0.11118897544992835,-0.29161575300820863,-0.2874527489897331
3636.218439537286,1179.4524929640668,574.5287919140925,278.76974252540987,0.20950841748593313,0.28453956378046047,0.46950605021295505,0.6009878608704724
2328.0712011348032,398.27571409553036,363.09658509733094,77.19612297926635,-0.6288936738878665,-0.6108259811594394,-0.8571006419860968,-0.7668759196747725
3613.8462431361036,888.3206814935263,715.52754115433,280.0024067922194,0.08699976415362895,0.1739449652843148,0.2170454039915127,0.1281718620138893
3562.300833905666,756.5481956986456,668.4252455999176,258.774495987625,-0.06423950058389463,-0.08993607546446879,0.036540624929505834,-0.060816871046003446
3817.8056229274034,980.6364868598766,703.962973347368,326.0756609875497,0.3634218264754884,0.3946056054656764,0.45924473464485616,0.2364998654548295
3267.046036252149,582.8541980551319,571.5389762131886,161.92379883501235,-0.0853120704871847,0.00958606986637385,0.1402320966713105,-0.033288478693931776
3034.586195214644,563.6560844730075,533.6793865310433,156.41480312332268,0.17273743019127488,0.21948846695225427,0.3231107124616269,0.23626045936891446
3069.747628569547,587.0568507229882,508.19795530637964,144.9703528557795,-0.13202783394521106,-0.2551002288966176,-0.14959695868891335,-0.2100004889107259
3605.284536139109,578.1706390464844,553.8614099094987,162.1046043387624,0.017785327087391688,-0.02010016068084198,0.11588089832341658,-0.015031043852617726
3579.33454210254,651.7941654139127,557.8907055120247,153.35107053803497,0.0011738142087112844,0.03871535092808871,-0.024839218959564424,-0.04716991476610501
3583.2878596607834,658.2194216707674,557.5701314997375,156.1852785267012,0.03225850103533001,0.029472070816471272,0.06906673798238071,0.0030116977545331025
3241.9698091875907,539.5921931502207,491.64706889522336,120.24485121458298,-0.009380151700374297,0.07278682533855835,-0.09841837793353257,-0.006632319920587973
3219.767685199986,477.545183876005,457.2734897972808,111.37279536027812,0.06508548674929,-0.060588232742856504,0.05181451005937965,0.0382587751036378
3334.348317180358,549.5421964543834,591.1813834799468,150.47028521731966,0.07666166038235561,-0.0605738656318843,0.2211193257681125,0.0761080836814524
2917.649555660766,656.5881686731881,419.59000528779853,152.02240854709356,-0.16572908324382268,-0.34081636652088626,-0.31859128804688197,-0.14009381669703286
3074.852256411887,662.663697793217,520.1261008441418,153.16330572079886,-0.2644793114326044,-0.09138127675688815,-0.41910405322837163,-0.4128894795163793
2872.5414072219974,634.9813368081085,518.5347101594546,170.01967796992898,0.20977451728796942,0.10795316382244396,0.25172704333185003,0.058328758947518454
2881.8185154176335,886.6972560210756,456.6493541724601,223.95096009015958,-0.04368461953070769,0.04580816305934618,-0.2977666403530319,-0.128151722001052
3666.0686586150578,939.6755640637709,561.9667080824105,263.7523517858387,0.05998155426411626,0.3738027309521836,0.4289041798275975,0.3236593899528909
2664.3186590646774,555.1847331985228,474.5830710498468,192.2040420482116,0.07482595413394125,-0.034652575015605765,0.1693591632883788,-0.029005164899359115
3032.5239343280477,548.3549778720342,468.3940030117049,170.75289540545066,-0.013145528640963456,-0.09158979121486342,0.21053989774275633,0.09893914361207504
2899.0006321604274,562.988407101457,411.2484223664304,135.32787183519827,0.15876048259600242,0.18024385072864194,0.3507509500219845,0.24559739623985138
3251.305632315556,631.741433033309,446.635625319915,148.03268375031254,0.08289441492880031,-0.04060440133088012,0.014457966492333843,0.010184612968891628
3697.9045581883092,712.3079034654287,582.1515361333065,135.21506687007184,-0.14076767420610048,-0.01681666089723279,-0.17570968392807026,0.2747270459813553
2645.409388015882,541.4480552059316,411.8850910289791,150.53177210586628,0.08401873376897927,0.10495675366354582,0.04942973482617412,-0.116014996062698
3276.7045871187124,667.8027007177628,519.8048747653164,138.31500785708175,0.019398288211277377,0.12038096150385834,0.2345713354086174,0.10350015357261286
3131.4939512652704,538.93748161492,397.7168246389083,98.02462100011097,-0.005606439214102981,0.0075249410088109705,-0.10911127002584356,0.13713040373033483
3240.4726848496075,597.0085578451404,489.56487776591086,159.28404312777158,0.3889762159832455,0.46912092242057885,0.6147718177692862,0.38640308752708263
3278.471781615779,618.6379339731327,524.1328970491749,123.55422255344169,-0.541505246094704,-0.6068820898502929,-0.5947987837880404,-0.48017278531204577
3901.7012948453753,701.9262026798317,510.2169103307322,147.51007770743243,0.1888641497380797,0.020906103672440557,0.16854916613756046,0.04666204840705569
2830.051455617295,443.0873313769659,473.2531651586314,115.8433271078984,0.12023586380269205,0.22743955579330755,0.30752390514064065,0.16786336409161728
3689.387466606465,740.129336174791,534.2028577040312,150.21791061675793,0.12414260330398066,-0.08879197356760518,0.22563982389413473,0.0011747641761853033
3205.774736674203,634.8453875123173,398.2788696905011,146.2193495382896,-0.0149223030251139,0.10698308969087643,-0.02258442954550141,-0.21230941342452633
3031.6868325318173,550.569504514297,511.18495390028784,157.29460594770705,-0.16202337830269303,-0.07674960137039027,-0.2552151933480732,-0.08012756122370346
2909.845494636908,592.4918425118575,461.0031787619897,143.21806177555885,0.04115158981460624,0.043492598438122004,0.013514692997036665,0.0982897559510506
3068.1341902718823,551.6754665851295,476.5141050257002,165.2308104553694,0.03762968994883114,0.007440267575256712,0.13334079749127475,0.04201375673074162
2803.4210869748613,490.0200645421837,346.6700045015439,109.45687661108363,0.14352332468696363,0.10359309328172166,-0.018225802989833992,0.075776535392703
3118.87136148109,525.0424267823012,493.1822325782587,141.51400218352458,0.14031612713000555,0.1874984392794764,0.4437884923761558,0.15243130947259914
2394.910957445539,706.1392949938397,467.75586985011034,212.8441213426736,0.3946477496779343,0.3957507221108818,0.5807072170441783,0.33023207674563665
3300.528362419913,551.5752756330035,555.697161508236,144.70924022038633,0.11178820044301054,0.16613087741662422,0.5563341438079352,0.3066679950108318
3314.982103547937,648.135597192414,611.6118297148666,203.6580628500975,0.296302439234134,0.3906822184870945,0.47261421618643185,-0.06022192468216561
1949.2482502973987,564.5610488463152,452.0663812954743,180.5421387782507,-0.11834166985785219,0.3842746675671407,0.17041069619240962,0.07167110998123731
2684.323849308978,399.88243644478524,458.3513909397895,125.25617032711015,0.0673217996598113,0.15416583022535457,0.10984551423661532,0.11206295663381308
3265.5668815675945,716.5541003023244,590.0128770493166,205.45749183305054,-0.3298503634351862,-0.149003330115182,-0.33512140324904344,-0.23291894290173115
2785.0699941526623,348.319154572201,384.88237196279783,67.84268943470607,-0.2572743276884531,-0.3323212834293705,-0.2157616232937948,-0.36318618226166177
3417.1402892277033,722.7126915202599,489.67020323300017,126.09230067269823,-0.4618238981305739,-0.7275472054061177,-0.8792008956263077,-0.5948593065955687
4177.77457188061,967.4425767420711,623.2373294836146,226.1668246085225,0.06335747585093351,0.1403000118408692,-0.04076965307460183,-0.1445257741934343
2973.018967917537,484.8936484523641,490.4216483213519,94.5900618712011,0.11938402850217437,0.3156540273938675,0.19703708494417116,0.28743189230652294
3515.5583516995466,567.7094746255361,474.85696046139344,91.42050411376135,-0.2605520127787433,-0.28630499908587,-0.3077760199637628,-0.41491162902836437
4524.864959337521,716.5166532892027,704.8107816484967,157.02328392424545,0.036465906880851086,-0.1032308106377361,0.04870518391403807,-0.2204442287663426
2257.1558843982757,306.41336931846234,421.70100188277496,105.09561861291823,-0.04607832027824557,-0.01949231228441043,0.21075865791194476,-0.0751974147212912
3366.6584875498293,592.5257053242367,533.2613413382144,82.30308000166369,0.017270800849140122,0.14607377990724515,0.4143373825746221,0.060942032763315314
2991.657534855103,733.2024462409635,451.5415507380099,166.65862105247368,-0.6625111968463622,-0.8588233867146817,-0.6158793688930886,-0.4616519192556777
2372.48788862549,352.96631938864414,433.88447806665846,109.46399384199204,0.033815479793460716,0.014549413081919638,0.1549872249242922,0.0417481019967549
3390.07877559526,861.8777099255865,632.977325840118,320.6046351655228,0.11759375843342665,-0.05236779446536245,0.17136679266695434,-0.13276471299854178
2485.331935191158,503.7059952721298,247.5910211267351,134.28498271935922,-0.02362525804528198,-0.040341620707845735,0.12379957172450569,0.08423806504742268
2608.0224519533313,408.4010758545326,414.56990161372903,115.63952954823958,-0.22050356969893675,-0.33260802880104623,-0.0516962566402689,-0.18744382563873596
2222.5491355636855,325.9231865584893,371.71811186404875,85.1364805855346,0.029999082101163574,0.07465154801973264,0.37712900338229893,0.28405170157220544
2406.176034004518,326.09035179782234,338.6476854335223,93.53733524744618,-0.20230462584011355,-0.2638542511943489,-0.14817534611278735,-0.34480535316134153
3245.6527403363352,788.9916651873529,608.035985147467,227.66825493687202,0.23523374131822,0.1393618740546268,0.4381602285085595,0.12481217208639597
2974.6660432413946,583.6909005808283,402.13236564612663,133.6712918104554,-0.0312002583953514,-0.1256653501647239,-0.2291106260496371,-0.13036029292295576
2565.649135515696,547.2882536233313,408.91150439595344,131.2480754193715,0.056652639969563906,0.04900102160579363,0.24206544097443478,0.0650330202410428
3067.974578610173,699.433298985431,463.3518227841142,199.5964743736635,-0.061150032452248225,-0.08971266075055864,-0.13480546769016233,-0.09998696253682954
2899.9154937479143,665.2154287218048,459.0726906267914,200.57680355585632,0.1503827123313686,0.06258650353269107,0.2809538345995911,-0.026288330461528852
3239.8045922083747,635.554842337631,573.6519673580444,205.19509407580324,-0.04141007219307928,-0.07269700998960343,-0.005585316879901138,-0.03507233909710494
3549.8979708791526,826.601717425228,559.8568413177745,202.90600529400587,-0.2451228118209616,-0.3484846960719479,-0.12292765703206043,-0.19044006322655754
3196.9234793564224,661.706758718603,571.782565538651,188.5211628487727,-0.03571631390526611,-0.13458861442693354,-0.16003653681300045,-0.08053214082726572
3138.1145410469294,992.9356196523657,654.8609780432973,277.26551028082315,0.42301649423431387,0.3238849454783456,0.5984284119238885,0.47082518151443176
3707.5340951693306,661.4875080939737,611.1078175026332,186.18804509654706,0.0480159107361192,-0.13006542556634829,0.23388898413661424,-0.08599369315728933
3696.496101132184,664.1135509074945,580.1331319189778,180.63691136150604,0.006841583229866742,-0.10356722125606695,0.06792994166466548,-0.13182281343626734
3990.220294352822,717.796751324568,651.6850063193283,206.7289720885457,-0.09588016657967786,0.33686136184090215,0.24658629792620396,0.14437248735009783
3785.7385032941484,742.3155936407157,592.2042451313071,198.0762726603828,0.07713404124036122,0.2217311728289089,0.2837462334283521,0.07944922861270756
3818.692898222944,767.4139117587365,578.8310018344448,216.38248091893172,0.21048851707659616,0.15613806366937383,0.41984060081250585,0.06592111683795723
3789.1687517590267,772.1852950742727,591.1483402514809,207.00677958385816,0.12317443689947445,0.08456811309455062,0.24303152018185348,0.02019789383866519
2777.007326858613,591.5403830119483,524.887636937312,167.4515403955694,-0.049074867819025106,-0.0331290219262884,0.03810559723993517,-0.03726791904151732
2634.34964684247,532.1362451006664,501.045144582899,172.44223475975616,-0.006771998040646991,0.1916883559502775,-0.07620079663026183,0.1747903658343891
2620.0242262023767,525.0417023818195,484.07703636678974,166.11794846286327,-0.055568519777406525,-0.02527917445886249,-0.14514405419936088,-0.03886377325956855
1992.6047019974553,602.2657447712265,327.96372650880886,183.14129874636268,0.009620013149027221,-0.13957094629429698,-0.21998562630095395,-0.2440499873680874
2374.7761614730534,658.8980531617167,481.43680296826335,258.91915545716563,-0.015285441185824141,-0.24004506505750423,-0.07557472303597673,-0.24480680683752604
2128.6263573889482,593.2575251042396,401.38237649633845,250.59505073001347,0.06910457222719535,-0.10783318556408195,0.48169873518755546,0.0980577378482965
3737.077230666135,667.1816945152068,713.9330615357109,206.91164597694353,0.22688557599503312,0.34331789359713555,0.4734186229733691,0.30485276493850355
3887.394477636543,703.344253534827,735.2588527242751,210.61028727341696,0.23369594348961986,0.4347945488073254,0.5002818276836914,0.30560105581155383
3708.429571435445,703.6677314340391,689.0494825632284,201.80097824365794,0.3015909324967337,0.5820327081191836,0.6211708840414905,0.4612927930197499
3232.632799078938,536.8568216934083,571.587614996535,167.23595354520154,0.3150600211015866,0.021213157849975205,0.33843479123205145,-0.14248172438877563
3279.054394041455,531.6894007444896,570.1960700820553,162.1353540629571,0.2806041944142953,0.056955806813797694,0.243821417832808,-0.003956017318598801
3251.698786043298,539.1826890867584,574.2237003780722,167.0234861037064,0.31829587548298244,0.18464460804170915,0.46627282942132636,-0.04482565161336455
3195.0773007586504,855.9860245818257,603.3917560802952,314.55778861867714,0.3173655707825325,0.0872658153292607,0.32226021147045414,0.15739579606151072
3290.353723240576,842.675227540008,634.5971235393062,335.5597399375768,-0.4498394843750118,-0.30204600353094474,-0.7050543120808426,-0.3360713325937993
3232.0355819107394,814.0338633228154,592.3714978520395,303.9143925403754,-0.028462369051513395,0.1239418861637332,-0.18092593561308126,0.14077582076868078
2235.8417148649055,349.41912787620544,463.0188454939791,126.80812549658332,0.09450086541489773,-0.11573776702405913,0.13789306417526348,-0.05088839227983906
2219.0362100516586,375.69045676263096,470.87558843614573,129.91935956354138,0.09890463952147757,-0.07374593409961505,0.1320537948567718,-0.0926539720473828
2370.532422435157,420.49424439064006,486.59608588929603,134.4433001642747,0.0704254700240251,0.050358563246090345,-0.09704571765396626,0.1089337245410453
2870.0542281241696,522.6776087136647,490.2406533355728,142.05724657418537,-0.026534347868320117,-0.09144986240615871,0.08293141111727292,-0.07852879488733609
2929.065644193168,541.534154849003,494.0476528477347,149.83135506947133,0.03373520982648963,0.00800588297384218,0.08471794997383233,-0.06930191531579238
2907.9717332417167,542.9514406175454,509.7145573149467,147.80894797046813,0.10065239205398913,-0.015676278827881668,0.2330234981117695,0.06654027141715584
3196.5887530378986,676.7746295924184,534.5892423662677,187.83074452276526,0.027235817259531017,-0.00565504351249817,-0.009475067320532455,-0.08958224844763542
3595.9478409362146,903.8522941348122,595.7590179288399,242.4327399752239,0.011570206836489317,0.12909963448535156,0.19259580680202187,-0.02588843166889946
3567.5756333298687,739.8862123027133,607.0864782989246,193.5280608663357,0.05291736272516559,0.013635082113611974,0.03007971498314211,-0.11598936814099535
3685.1018207327006,675.5497169381852,615.1455642023504,157.51392958083198,0.3461715759920314,0.7252367519752356,0.48326952360194114,0.5030746285305929
2924.7306674525526,516.4636301540163,390.1789490095047,116.01185820643003,0.15062095967288144,-0.02895659210458993,0.21857713942478804,0.08361236354346219
2593.534341579599,380.06724318781977,373.00969494270635,80.39715762131823,0.041268492767127886,0.03652661059651132,-0.03876229833977223,-0.10163979948593725
2894.8474842141304,553.815220505366,405.0776151836781,114.0039570081957,-0.3878374893569533,-0.402353644754233,-0.7101418296161681,-0.3784368851115237
3076.543887984604,496.2958844258678,487.9085616092102,122.33372946502762,0.12620350585710266,0.16138773654907226,0.2882409095328541,0.03288394084538455
2638.6419546395655,422.71140521830273,407.7358276635516,92.29061651123509,0.09794879096465335,0.002967448206004734,0.07753757215105275,-0.22516588803074156
3101.419368071012,715.2094986832718,524.6986089547997,173.354329731293,0.18930183897135566,0.5814437975139743,0.44877220131293294,0.35451206931757456
3425.8723524291026,709.6104936423092,623.4019032762003,152.523067737317,-0.21931798408827818,0.027667230113569988,-0.07488730553077876,-0.046433656276260254
3216.6678799973797,731.0279411944512,610.1257495544987,181.14779618541823,-0.06405799565734581,-0.04320015091584107,-0.03915801446896363,-0.040503411708172087
3367.1403957785774,591.5487492191673,579.8842596016816,134.29594408977738,0.34180689814947984,0.5472171979880907,0.7101905284124705,0.501051955505587
3336.8727490984675,528.7801341164733,570.3740063960101,148.96144673188337,0.24831349024682692,0.0035503257856125937,0.48640666718790315,-0.014367872728467835
3323.774836417177,578.0940950270566,582.5887660803178,135.66311901353862,0.3067678730258696,0.437621057484288,0.8007467126153415,0.5760015039163786
3177.5394891381156,499.1893321737191,423.4789850260901,124.42813410027091,-0.16107107298369672,-0.41193482473620613,-0.4473526994815832,-0.233675064535366
3123.1866618188124,628.5152005980644,483.90491205432295,178.2653451877523,0.10554171701417257,0.013842907103721155,-0.0562835423210704,-0.04551861253994146
3326.0404177226096,885.5696795261073,495.22690155717135,220.18926146723072,0.07936210159976308,0.04556855257817602,0.061749360148711144,0.14883547687337068
2177.2829738710807,347.2462569294767,236.90853955281725,61.19620358051773,-0.1431457654908544,-0.08198927915952162,-0.2939326426428495,-0.07785916291706846
2331.5787999337153,278.9752766531516,326.6827886007868,84.23768410247669,-0.04594622674462526,-0.0033378340812460737,0.05402761476397742,0.03861517161699206
2247.3094674720014,332.4475393501689,246.11281748813857,72.25754713422295,-0.10280162143409968,-0.07998952387207897,-0.11212545455433487,-0.04448812771412617
2349.31236430461,485.05595279218835,300.62542176084634,118.25827963739681,0.19160242003700317,0.1670321013559984,0.12625069679421813,-0.03060316894064457
1838.184069968823,291.9659465525965,325.8260112386047,118.30020583166305,-0.02833858377817227,-0.09201092188260947,0.06325473034150653,-0.06488602807919808
3270.4871718111835,693.4306996420614,615.4735711282469,276.0414230003379,-0.08069972880602425,-0.20083796903931408,-0.2740377111972026,-0.1785176367510573
3212.492859959081,759.155181649754,506.9918509246331,165.80690762449314,-0.011820589718281099,0.38033341070385196,-0.030488065127987816,0.28359582024985297
2946.7753637919513,529.1359567889646,477.4441820259557,134.69763298467154,0.06981071006942609,0.0547684193309476,0.3261321248277758,0.0485967075241888
3340.6138620448,764.7950650981508,428.0609621405624,138.381832933111,0.17356826862826097,0.18783113557299058,0.44571060681753777,0.10743937979379274
2957.3660203245827,533.3918534993552,426.37879362326987,88.36655497525965,-0.12124567952364133,-0.2783592690032741,-0.35045517999069864,-0.4049636450790367
2543.112905977524,341.9405638081962,365.78388403380814,75.33432635924913,0.08857002588967645,-0.14558819590530667,0.07263277144076079,0.059871891276523134
3347.964478255731,893.4362881342948,593.9440311208509,303.6734012543922,-0.11157178098383945,-0.4998321105494209,-0.06607566932686502,-0.26585140810765806
4031.5438901136686,861.6124032885175,699.6596804021883,189.97659583257595,-0.07731920958030628,-0.2567883474731969,-0.3396446396900051,-0.30104796401669615
3049.933939862679,660.3495071493589,504.7085293175513,172.95779708856597,-0.11565853669347026,0.10492871176306232,0.01963959917000719,0.41380341857091935
2877.220647008793,571.523406109521,457.788686741012,142.60891172674366,0.1347026465397427,0.3456337136525509,0.4878707011818313,0.2642129270166219
2707.9447051997504,468.05772648694636,446.54549744070084,132.06797615464643,0.0455164699216153,0.015379747085402032,0.11427025520329108,-0.019119305865073898
2909.1937950452475,540.7097266941995,407.14007347191705,157.53116187608856,-0.3817441025268014,-0.4124091396570029,-0.48582515818459115,-0.3605387188880484
2996.3336854007357,596.8981574919337,426.6661693530383,147.88139203176098,-0.12118789935068916,-0.19357905133332703,0.06096109956162549,0.05314335221087558
3014.9849198944526,678.0572193144833,471.4390779601948,195.56730606644783,-0.018380231490473877,-0.364758845186804,-0.13080930376904873,-0.19708457574268168
2698.8168177517755,573.397722089031,426.1750600204173,112.18202553600351,0.10642725108801113,-0.006173942431152017,0.24391994078941906,0.019210382827536
3035.4839666961248,493.91635525723234,459.5767848098072,141.1254915140993,0.12170712422215377,-0.02485213154210144,0.18588803575299384,-0.023412106936709885
4287.785840640068,787.7022111565593,1133.1820827347728,391.8604826003349,0.0017633283875761567,-0.1234119405229061,0.1524952852608727,0.01769894734294626
3439.3939942960533,669.2824325260773,659.6140373860942,220.22852635477597,0.37052523829671463,0.647115714067707,0.6277818762449068,0.37880054007342423
3474.4136490398478,610.8622863061469,638.6044135892621,206.2689460087743,-0.025102656607719556,-0.08449734606267328,0.10415480765906696,-0.10968685582860442
3342.900950869683,592.1033968780063,507.4541247315538,144.07357053702896,0.33589907146901754,0.41283558056588715,0.37085903394891595,0.11474053950526908
3938.7894799407677,666.2464495335527,607.6551566815184,206.46275756787384,0.020927754896113,-0.15903316749094756,-0.02431114329493518,-0.12106655593079113
2647.2603528278282,538.4832362270384,396.45285943627925,150.78924940296918,0.06226068644267618,-0.3435542518497945,0.15880132644868505,-0.2532965412114813
2808.4728840113653,392.54632936546307,363.4863819014676,102.60439761404731,-0.032116816318817513,0.22250508853924417,-0.1643538998317654,-0.10614658120011114
2479.2724912216377,448.4662647015107,399.4405111149891,147.72950166706158,-0.12105210499905826,-0.12825940585254425,-0.14318010259441022,-0.01041437168325606
2464.6878947581326,405.094854299157,354.23710013502193,115.39484669955422,-0.15700128281632794,-0.09080160997594089,-0.3805521126217839,-0.054910425643527855
2229.3196218280755,450.60248500855874,360.23316339091446,125.08121510177867,-0.05044689500258771,-0.024349678019170033,0.012144274011348197,-0.08266796588641451
2553.81880233048,460.5854796522394,352.4696712755863,103.11574611806387,-0.06542434676518961,0.021831404058388796,-0.029373463349747116,0.028798715503197344
2994.8855381793164,452.1403281979974,404.52446772458063,134.52092177969325,0.07059396436287468,-0.048229677541850584,0.1511475550706994,-0.04834853330049261
3353.6855987577655,805.2229750406829,628.1707703900562,293.21771012812053,-0.27514762365741596,-0.1437982323933414,-0.27996660902001,-0.15011452606105347
3229.0461869768187,669.2258503526211,510.7220849515319,172.7808350977593,0.36877842798164234,0.31523426406876276,0.7129167985294012,0.6164991766350951
2876.062503232559,726.2690907102079,468.07150628586385,164.58885738312694,-0.10168905511745285,0.32618912713916637,-0.05028363239467105,0.02772113922396306
3267.5011697164045,843.2425036893618,681.9576029270922,312.1722563434636,-0.021024668416498894,0.2868737847994686,-0.07233897420255218,0.16978768558048785
3032.080298771588,733.6881975733904,631.0392292812396,235.99114086477204,0.1532245341092474,0.6555912545585668,0.5248499767285408,0.5894569249833859
3600.8243646564542,732.8657307233341,517.3627910651047,170.24426394625178,-0.20880823095212897,-0.17099418392326704,0.041239900926405546,-0.22435480408688788
2996.208606018429,700.2303372455324,416.66488524160724,101.23318654308058,-0.009314296685803743,-0.09918692969517708,0.2897119701369785,0.02021850897596539
3736.4054845480296,874.4096635457115,638.0669826102946,189.68611776077768,0.33880162732738256,0.14899072843710512,0.29499240755125994,0.24817083826041964
2214.2618258246443,469.77798919972736,326.12108034802867,102.28979543036135,0.15704333932948397,0.03912251391700817,0.18599400811749633,0.06911557990337924
3415.689335398035,617.9929962071145,537.0050024255795,180.7881789312558,0.13319863449713104,0.23607248039742873,0.2626229041137214,0.14740964268371545
4094.849267064056,592.7273098872028,645.8235643571667,130.9313084159188,0.14182229452456505,-0.009084406627282205,0.20786848414934367,0.06104218123123771
3256.751059768857,702.9568158873151,547.575188541355,203.80064231417228,-0.12645893959345322,-0.19349910216234623,-0.11392047965183139,-0.14109152067502007
2722.1107116842913,728.689443703217,362.0129680763485,195.5122271278838,-0.0616608264879392,0.08138367527238002,-0.016779462461560552,0.038837875672532746
3625.078429273106,671.4765280618747,557.6573034932119,175.75674805496624,-0.07116399803865306,0.00950258875958739,-0.0015734057907175374,-0.037701612399320454
3201.7257360785543,804.6586818275737,584.1665471926758,238.5707542877493,-0.0344667083761526,-0.008209132430835476,0.031797715650031116,-0.1618241924526186
2426.9123918389228,424.47845161777803,428.0626774818268,103.70269865380462,0.06200571526493004,0.1737415285512174,0.31509358117512465,0.15217365464525498
2599.796377801423,526.3328448956224,489.73835774611246,147.63150534264366,-0.027203717945685373,-0.10749617527881258,-0.0805883798942492,-0.2854420819479163
3407.7142396416352,655.3005604600746,599.1026031237722,158.33653195970425,0.2632543651006892,0.4575929212212154,0.4993741808392296,0.34013808320906336
2874.678501548603,532.2580543590196,525.6620002873182,146.37222347320977,0.02456327780949264,0.04718139029162127,0.11539619918379755,0.09857060345743948
3634.9996381883466,683.8855133584584,455.21674295797254,128.27671865567834,0.01307673516772766,0.18770362234955074,0.2780707328865389,0.11795633134700176
2712.148421470874,529.3166321808453,381.09155106916444,111.37521481662532,0.06083886920948472,-0.06527485943383678,0.13258758000451126,-0.015503502661716805
2788.6011082953896,465.7440074020899,390.060924836686,140.41374719783414,-0.2421501909481294,-0.23265976778551756,-0.19452591396770466,-0.24785325443147205
3350.178340196542,810.6727806053697,543.9551507059141,246.01111670818867,0.31682686238448055,0.516468694561046,0.244795662740845,0.4818127997624482
3541.6515287257907,762.7223209899765,605.8860465727772,220.13629297938553,0.22488053062537156,0.5887465046701196,0.8305076798747164,0.758499597133967
2821.1003691552664,577.0369199071469,422.9076267853707,150.60692809710085,0.14105004135770793,0.06823299993773285,0.19496023517057146,0.14674994687558857
2353.3955129721467,558.4708050713226,366.3249028182407,109.56771962119285,-0.05879510312671924,0.35168152612866665,0.14827036939488608,0.14901884314881256
2788.4030422830574,764.3256282657461,379.60473358408797,176.9782017330001,0.16077559644364414,0.09309070746901099,0.17080147540522186,0.13604879398378047
3428.417376142244,784.0762168204766,515.9332434402107,159.6301913000299,-0.34627089410295303,-0.4700164485533357,-0.5071286483927288,-0.36227547087371303
2877.516483897042,514.6329095858625,557.8167108068544,177.04672387417116,-0.13877953826513809,-0.03340393647952933,-0.1189347933903234,-0.021646988316682707
3167.794627302175,583.7440477507441,440.8275251670532,147.12309945801704,-0.025717691739118177,-0.14910606336324572,-0.14845296923274673,-0.0863889491634651
3396.223936571556,694.7969921834551,495.5849164797719,191.1205175533517,0.16797081265886074,0.03145293399718657,-0.019415680249441868,-0.004597153127274214
3299.069864854237,635.6981038689364,520.7648756528881,159.1137467615134,0.12486410814342676,-0.04306011766735731,0.1891833294626018,-0.07836125015092929
3542.9465371355973,767.9517339508801,603.4540884192888,198.47806141300106,0.5094433038753834,0.6687513885860199,0.9266832400863712,0.49382925449213
3096.6313596069576,492.18813432881933,506.8650448575618,182.02380699274636,-0.21632588634520702,-0.33047004686826953,0.21988557260688027,-0.005888119313102442
3534.873054196189,612.9406233766376,669.5727172624192,234.3651621287202,-0.09772405392450863,-0.15045458648484203,0.020241852548594126,-0.13287057128821927
2906.7653451200995,639.3062223336816,569.3020713882256,227.79720703640743,-0.2740044593326837,-0.2801598113194609,-0.10860717036579488,-0.07440478151040715
3355.1303930135314,786.3217365235872,554.7068328347077,255.26581541023265,0.19125618419518767,0.14256047544598383,0.24818722756205333,-0.07927856176768572
3153.996813752383,605.5195204706976,578.6083373695113,262.4391777275217,0.03261182787701111,-0.15583390566880112,0.0639526974063672,-0.11614799174219964
2352.6997949697165,471.7237559023221,420.5043190208604,196.8633615099233,-0.08639320826022326,0.045307186904533406,0.01210323503416116,0.025498590667595848
3897.9813526830585,753.3173817845942,544.7095745975147,155.5553098432056,-0.007445502378088678,-0.27406109837505466,0.0625691773160183,-0.09928810345707524
3451.8661893880576,724.5420769385262,486.00365238417953,151.38102072112613,-0.16903219194938407,-0.4336380944650993,-0.21533255133910081,-0.5180682515806203
3351.752686489133,654.6858832371662,519.4447310821084,156.34391348308625,0.17762378139192853,-0.10574480329528396,-0.13605259090444383,-0.11498599744283827
2942.405886270165,523.9628958884371,558.2412907040168,158.17704423923567,-0.01397266038856022,-0.11798715856551883,-0.10667318557247006,0.10787603385703609
3749.578303605475,627.6486345541199,583.8704208115699,123.68709469304822,0.010706928744982072,-0.13626278740782355,0.07811330909180707,-0.03501863743702178
3411.296374840304,643.503802580315,465.71198644286176,107.5329024265391,0.18287678374498006,0.09236795647545168,0.26702739637380685,-0.006724802752606628
3796.811976313792,561.7144030166186,586.010861818734,203.64719520324041,0.041468069990634036,-0.29605971768886363,0.033802579674569885,-0.022378991346359137
2590.5811712558884,475.5433291434482,353.2090039262315,112.51824931407408,-0.03872909362926543,0.13770661322077415,0.0939083845852242,0.2633152242331779
3341.59019766887,777.1196119370973,480.0383806500958,148.29011981585745,0.13214608094474076,0.4899264653944203,0.3030640871133412,0.6340874394100505
3220.2356317263598,530.3145734141694,444.06062945633926,151.73306698050348,0.13440024907970646,0.1327162144498142,0.38488947152729247,0.02638610212235043
3535.506204668259,761.031800109441,464.322714639835,169.77891419008083,0.03883484403456919,0.23752800024963178,0.015281155889633372,0.3025103815552202
3465.63920682378,718.1911540059589,447.74873053085776,163.27131357850058,-0.07332573764094512,-0.18846370846087757,0.18414775144503753,-0.0919325009894417
2573.3454849265963,480.1263960715194,354.54443341318,143.47676822670496,0.43915942142542497,0.2502971555117712,0.5649100814569606,0.2555670129640938
3378.939311028772,619.3149065765117,535.0903489322618,159.641931241115,-0.2111043655778813,0.1366133140869426,-0.1579938998574793,0.02396071535060473
3030.5273732728156,535.4426560521719,392.53478202488236,110.97094706757636,0.3955113194258155,0.5687361671356126,0.8438593809291868,0.7391018829585523
2245.287798989767,266.12339327252323,288.2378611765242,54.67460695210977,0.09607061312869702,0.03669340836128074,0.2392477285392045,0.07560519666242621
2382.230202124098,636.511680334943,312.97622408000893,209.16119194456076,0.03732560458909623,-0.011796393420450286,0.05648076949092208,-0.12692394542385377
2847.685226777695,638.0281250308601,343.27667178855575,95.01340029275731,0.15364312274704278,0.03096605913231112,0.32016414180503117,0.024349488009010527
3143.5481606870844,503.51621411949145,561.8968557016949,137.61644001839062,0.15637314412677006,0.05171385473257638,0.3609316187911686,-0.12102063153134152
4021.542304801874,1172.9291910183904,616.2851987804399,207.35727683103954,0.00405461019894852,0.25826469680004116,0.24292332584292714,0.26098041463789967
4432.07706508614,1020.2809100219913,663.6313933417151,236.21344581794466,-0.2614660849976157,-0.25292787854482063,-0.1950597651656415,-0.2283878519329554
2850.8410245611694,534.8274231111138,488.61595278853304,175.8355132911595,0.044022573037945864,0.1364782074096888,0.31811168224341907,0.12832176791744646
2828.2897220417567,517.2455563647667,492.99406743677173,182.58112046501142,-0.21617653614165416,-0.11052039320591278,0.10422662385008179,0.35449953967613324
2836.5299520774906,524.4584596745011,496.2421529500713,189.11731292016725,-0.15778504829643186,-0.0766771332143415,0.2871778879323906,0.5376571032181962
4285.126371950171,833.9882693433495,687.1323990549241,177.27487170773333,0.29222481230273656,0.46584670697742947,0.6171077358036554,0.4400988356013262
4079.6308744090875,676.0530259109594,670.3373539764023,166.29932096245537,0.18909999131996272,0.06968631367307193,-0.05942243233446605,0.04099840512064798
4106.9675394224105,751.2304324965041,652.705808010727,168.85854595273116,0.2621447804025442,0.33607509491590365,0.618281572096401,0.5870817797550922
4145.124259156242,973.2683758751009,759.1458967046208,259.42414980144133,0.09654455453215936,0.18435479319242484,0.09607698030238176,0.21724909517559476
4227.347427955751,1019.2291655796306,751.0613260220911,258.3274263136781,0.08645585373221622,0.21189154564305798,0.21320078306923473,0.3011367976623547
3727.246397546429,713.3329413546542,485.37579619742235,160.01004587316635,0.183769844804554,0.281756284266007,0.16965013221954695,0.4739407497558426
3377.080938780997,879.3294074367705,583.8737677172725,188.26102529307553,0.5008704402386364,0.8377602155227644,0.9421176809416655,0.5882124517910867
3509.676347641316,723.8588529388057,640.1691381448135,255.93395473903234,0.42616510962761905,0.38160236957017796,0.41986794434650876,0.16741921742496693
3267.251118918156,811.004324960478,668.7020204941578,285.77839901971197,0.05538444713103457,0.09874667911901265,0.30071068147170515,0.2761436328163632
3853.9480087856373,738.2863731318248,607.4460859979067,185.32924121249883,-0.254466889341793,-0.12398311534892084,-0.5845566334102947,-0.18224898815848922
3382.8253855859825,816.6081414173242,531.189417584072,238.65237205540402,0.2598673676376835,0.45805126995862677,0.4101922940132068,0.3143735561501982
3752.3788556734717,729.2672486373672,584.6344662392676,184.97238442185886,0.1396951667083403,0.19645075292541242,0.16202656254194542,-0.029861440363006954
2838.0932466355384,465.32132505293606,389.70004995066495,101.73938398285064,0.1774995383970115,0.16278921727822715,0.3253995721982609,-0.00533690356501862
4293.314229979307,759.9815088431526,620.1654228535743,197.30827677706455,-0.14168637873767553,-0.03745836938174151,-0.05578708683060832,-0.18425813929197996
4140.673787509299,688.3632851675547,589.7017417320536,171.2071406207109,-0.17758612182867745,-0.00044076069797810896,0.11913928514034011,0.04508960199281517
2718.080616720191,644.9081732331035,315.28239470326037,118.78932149067413,0.19209749391332834,0.19591013600747903,0.2863184365951725,0.31552166218653477
3481.272898459639,806.0482431230439,501.5260236481757,204.0738294148604,0.06791941979695637,-0.07927544076366541,0.00810348367651342,-0.0616077566042354
3041.667546462947,577.194375124857,462.4417493952011,131.8662817467393,-0.10112840035703574,0.05240723236641387,-0.41308082285421466,0.2525822274044086
3197.0339212146737,402.1834526449823,513.7753702724873,90.95485998036293,0.09276726802091573,0.3206413036076019,0.42806101142764375,0.4549286158795342
3680.1065158126225,728.6186467268788,511.5031766746786,185.95375979056666,-0.0045375199415566315,0.028584952593752495,-0.01764963748400481,0.008562132124734282
3182.4373358539956,570.2266732875428,441.32204758553667,122.0236459712402,0.17299146509277719,0.331278904967066,0.37253618187106674,0.11815222998413927
2929.5085847792084,550.2141128755311,473.4793083649006,109.08143293924306,0.05684967354006713,-0.1739154470843457,-0.5013297709579341,-0.11198594356263562
3799.603431982667,720.4677677387311,565.6031087619269,158.19759900452658,-0.600572523016456,-0.7268197232006693,-0.9358151178488138,-0.6134855769466934
3768.8247679590067,742.1304881485669,612.374228685568,137.63616782008654,0.085105301956104,-0.1218603658461382,-0.16170836548969025,0.06478111875223351
