0,1,2,3,4,5
112.13467407226562,60.686275389166305,1.7531919042664923,-0.3975469833479873,-2.64678955078125,-1.0
83.46478271484375,53.20599645716635,1.685638513864462,0.02227550382331971,-1.6346435546875,-1.0
100.63833618164062,64.51023901596969,1.5898359871175871,0.17678949532213575,-2.92987060546875,-1.0
126.769287109375,60.04883766629964,2.0742926473860184,0.7352839498903488,-3.7659912109375,-1.0
143.86477661132812,49.61331102305134,2.4724086281269773,-0.8678231433176613,-3.434844970703125,-1.0
117.546630859375,46.47235218323642,3.3144989351463847,0.7603725463252261,-2.75933837890625,-1.0
134.40353393554688,63.20674533904251,2.272497137048136,0.06575737718286873,-3.789825439453125,-1.0
122.61026000976562,45.18012955142221,2.561126018070526,-0.20180860473036608,-3.56121826171875,-1.0
125.80743408203125,64.46988685342805,2.2577228968103547,0.6002170740914674,-3.7576904296875,-1.0
88.87921142578125,79.42283674509221,1.702573122401166,0.634276648058834,-3.29119873046875,-1.0
102.16244506835938,56.15786562816288,1.6740109302036388,0.5023579643596904,-3.196014404296875,-1.0
76.94537353515625,36.09627762722158,3.0371957512998824,1.1317238066941944,-2.406585693359375,-1.0
131.25546264648438,70.38829227411489,1.595411134114896,-0.3673689334674448,-3.5433349609375,-1.0
148.25460815429688,59.0929456035544,2.748497362858852,-0.9023231731463711,-3.592041015625,-1.0
127.91156005859375,66.13136143980272,1.6989707421116178,0.2740912382833021,-3.117706298828125,-1.0
119.86468505859375,68.24390766929108,1.6179827988154485,0.07006072263382224,-2.287384033203125,-1.0
102.95846557617188,80.21033411000829,2.5613864846723806,1.0168134446711259,-3.74249267578125,-1.0
138.26446533203125,61.15978954074126,1.9240215539175454,-0.4334673016200897,-3.1834716796875,-1.0
120.20245361328125,72.3489311409404,1.6899437546311482,0.2729945377432442,-3.69085693359375,-1.0
135.51138305664062,50.35505387719959,1.5253825533012988,-0.2559391759196221,-3.59295654296875,-1.0
130.6834716796875,71.11226233952247,1.6541818545337919,-0.08512369342355794,-3.172119140625,-1.0
92.85562133789062,55.06619558045123,2.339733081069891,0.690546099825489,-1.73675537109375,-1.0
111.55215454101562,39.97756217045361,1.756282402939977,0.3091593288569749,-2.43524169921875,-1.0
101.98635864257812,40.07314127417187,1.748208009491991,0.28542575941836235,-2.28741455078125,-1.0
95.9263916015625,61.35625873579934,1.7401684211725068,0.3234671702710148,-2.2847900390625,-1.0
124.04592895507812,74.38704383782562,1.5653303296495535,0.20479244441869582,-3.34527587890625,-1.0
74.32461547851562,64.64134132319361,1.5673554240266276,0.4258780814945154,-2.103179931640625,-1.0
99.478271484375,65.92297501080517,1.5877543417103208,0.23796012857179594,-3.13616943359375,-1.0
85.4893798828125,58.31123885605572,1.5195596265251878,0.17334072334560222,-2.022247314453125,-1.0
71.61831665039062,52.74701339692313,2.3763785185364323,0.7597794443744054,-2.09857177734375,-1.0
105.20379638671875,65.80692964830926,1.564265716989351,0.14295941307745913,-1.829193115234375,-1.0
130.66464233398438,75.24207781279355,1.4771956271118052,-0.040180069131936336,-1.91650390625,-1.0
144.58172607421875,62.38252796129342,1.7772813604708837,0.011366393279369984,-2.660675048828125,-1.0
107.36587524414062,53.91106039568686,2.3704772027596324,0.15163431389999973,-3.1669921875,-1.0
107.20748901367188,47.85439287710717,2.462301077903769,0.1949513204889941,-2.55731201171875,-1.0
86.41732788085938,48.90616072207114,3.212663470319985,0.41942067274118716,-2.674896240234375,-1.0
122.72860717773438,38.10703968687493,3.3556780768282577,-0.7560516608555732,-3.191131591796875,-1.0
134.49429321289062,50.587107246444766,2.056863781180327,-0.07081399316657554,-3.581512451171875,-1.0
112.80709838867188,58.190065059671106,2.230644722476145,0.5701640104424934,-3.4049072265625,-1.0
129.92974853515625,55.777803050351594,2.08833056953678,-0.26131778305829306,-3.34759521484375,-1.0
136.48443603515625,56.214089580621085,2.09864717268921,-0.4003268391243106,-3.647979736328125,-1.0
110.54486083984375,55.827226526240345,1.639276410935473,-0.20023161842444726,-3.11126708984375,-1.0
88.37619018554688,62.49368648883969,2.659748216888705,0.9118114434540482,-1.6072998046875,-1.0
94.35809326171875,56.784819863141784,1.756032012965618,0.5170127930646031,-2.14862060546875,-1.0
87.329833984375,56.20226214558432,1.4664999379664896,0.38262658755094764,-1.569091796875,-1.0
96.14898681640625,61.08005496566011,1.6462197378538503,0.4408663439773855,-1.739044189453125,-1.0
103.0274658203125,57.03300244635515,1.726259021834115,0.3121384779413924,-2.396484375,-1.0
100.21783447265625,59.64636251765396,1.688288531748701,0.45549018665322477,-2.026519775390625,-1.0
114.83541870117188,61.98207797782677,1.8226476497597974,0.6201228341291242,-2.096923828125,-1.0
121.509033203125,64.73658457968769,1.6330270654332328,0.05589961649504796,-2.268310546875,-1.0
132.275634765625,65.92513689971635,1.7418881850136703,0.01744050904157411,-2.989898681640625,-1.0
130.0872802734375,56.816138210517174,2.1798658612939446,-0.33822596041160263,-2.5146484375,-1.0
107.56231689453125,65.21770326299566,2.318278647849377,0.3995861048639408,-2.364227294921875,-1.0
145.611083984375,94.27871908166088,1.427009228380835,-0.10589553837281918,-2.573822021484375,-1.0
128.81488037109375,57.1858310899988,2.0740435627905107,-0.16119702607110167,-2.08929443359375,-1.0
120.14697265625,68.11802892353275,1.6752598421326033,-0.23765445365936674,-2.339874267578125,-1.0
127.793212890625,59.44226252636221,2.0516638973862196,-0.20139969139650504,-2.03240966796875,-1.0
123.939697265625,64.34943119229636,1.8220373649403128,-0.5269046775374473,-3.095855712890625,-1.0
105.84030151367188,66.52234119942672,1.4528684840672956,0.08174161124609323,-1.99737548828125,-1.0
103.63955688476562,61.27703900394034,1.6450237034448965,-0.26438108696421997,-2.719146728515625,-1.0
117.7061767578125,45.961945946269815,2.8348447352200767,-0.8622454943137584,-2.212493896484375,-1.0
121.49026489257812,30.029432309809213,3.7162735998329017,-1.107674312705397,-2.782989501953125,-1.0
118.81036376953125,24.600849715201253,3.910595047210299,-0.6754403218394548,-2.852935791015625,-1.0
150.76388549804688,52.42140525410901,2.0827190057338405,-0.5465333313023024,-3.54949951171875,-1.0
86.60162353515625,46.54625088324501,1.748230134220952,-0.23600247305087402,-1.509521484375,-1.0
130.02291870117188,53.970615053810924,2.43007016152987,-0.8082097352342515,-2.336517333984375,-1.0
134.49514770507812,40.9579463423991,3.4022213452563506,-0.3492825150943274,-3.494049072265625,-1.0
142.76644897460938,50.27839474848548,2.4955347058848916,-0.8079680228818459,-3.21697998046875,-1.0
120.44650268554688,49.752695150514874,1.9490929164237432,-0.2873947863432815,-2.085540771484375,-1.0
103.0965576171875,59.002620781304685,1.9747137223172784,0.18273898219450094,-2.8232421875,-1.0
111.04660034179688,84.0250366770301,1.4517505962529667,0.1302088744313768,-1.50579833984375,-1.0
106.2308349609375,80.79937056922114,1.4351626159147692,0.08083152013726023,-1.362091064453125,-1.0
115.1875,62.17481902647865,1.875823980070801,0.37321198476482415,-3.50262451171875,-1.0
122.06082153320312,52.49382095564235,2.850594034223408,0.27363633265047016,-2.78466796875,-1.0
126.56585693359375,54.64512754972959,1.9413622818989245,-0.47139701880274676,-3.428924560546875,-1.0
116.31982421875,60.80557021664415,2.25035153141213,0.38643810794012273,-2.2755126953125,-1.0
90.71478271484375,34.12314463653145,3.8165472208762057,0.4707179615226163,-2.4254150390625,-1.0
117.91299438476562,60.54540439065441,2.2330377230555,0.37860776457331674,-2.337646484375,-1.0
99.55755615234375,49.691726897652536,2.3011514039746817,0.3558236240533453,-1.46417236328125,-1.0
117.35604858398438,62.04207050021142,1.9856165362661047,0.35262174590124395,-2.521392822265625,-1.0
132.78945922851562,59.059632381039044,1.6646698671340139,-0.081484028612072,-2.855194091796875,-1.0
116.6697998046875,51.28164783647822,2.9907875275890823,-0.28581302190938046,-1.81414794921875,-1.0
109.0133056640625,30.90804187891552,2.5164550234224614,-0.5493468723387908,-2.450164794921875,-1.0
140.68856811523438,48.642341221057634,2.699292210949088,-0.33994345069250853,-3.7384033203125,-1.0
142.904296875,65.4712434169413,1.9031194567083856,-0.5431153059784043,-4.330322265625,-1.0
114.51950073242188,57.906111567433115,1.89284785349679,-0.5737959341047666,-2.413238525390625,-1.0
95.69598388671875,58.84899421178535,1.6006555522335681,0.10672038078431052,-2.2176513671875,-1.0
102.93844604492188,49.35633018669799,1.6282983060039382,-0.08917965980643672,-2.401824951171875,-1.0
109.73342895507812,48.63994938427359,2.0457817838131547,0.2589329650043721,-2.571533203125,-1.0
95.11624145507812,53.05048559552846,1.6207220165425154,0.06264297425882338,-1.96923828125,-1.0
137.47158813476562,68.67525363182664,1.6110609603541692,-0.16695843623048867,-4.031524658203125,-1.0
129.60882568359375,55.50429776837638,2.343542971972573,-0.621812672692515,-3.265960693359375,-1.0
117.94607543945312,41.293671722176555,2.812546662400207,-0.9990955280498722,-3.134765625,-1.0
95.75997924804688,68.4506231898718,1.3736286138327516,0.16892094247722544,-2.025054931640625,-1.0
95.65957641601562,61.193129233339796,1.4315595826379004,0.06156029765050095,-2.519683837890625,-1.0
114.04348754882812,41.77079568600141,1.7609067893373618,-0.03462341982706335,-3.092559814453125,-1.0
152.26889038085938,29.842420811028237,2.729943034361691,-0.33857144097741426,-3.8721923828125,-1.0
154.09378051757812,26.09501877673834,3.4432647541730748,-0.025865376515956485,-3.834930419921875,-1.0
161.35934448242188,34.4321033552867,3.6295242329509927,-0.0821365217700428,-4.235687255859375,-1.0
150.16390991210938,44.59398037198629,2.513970974322002,-0.5863009543912444,-3.4410400390625,-1.0
149.03790283203125,56.57116463475047,2.038664134079849,-0.5026900381725806,-3.735565185546875,-1.0
133.50897216796875,42.83040505982295,2.8676168799260418,-0.899170200265049,-2.771942138671875,-1.0
118.24618530273438,55.462874676083146,2.3304186261958475,0.05995603774694517,-2.626312255859375,-1.0
73.3577880859375,56.60675916924175,1.6368288484299973,0.31839696317670707,-1.13616943359375,-1.0
81.9541015625,46.4233317988416,1.9985005802090827,0.302012869049048,-1.6376953125,-1.0
138.94558715820312,59.8513881616232,2.769503850428179,1.170726704890678,-4.229736328125,-1.0
110.97293090820312,49.72150382312879,1.7874012893944247,0.2749933487839576,-3.31988525390625,-1.0
65.20343017578125,30.10586601083288,2.7993769169513727,0.5840546649299095,-1.639984130859375,-1.0
120.1942138671875,49.267646633052586,1.8371780551946215,-0.04457658019077743,-2.994964599609375,-1.0
114.99078369140625,63.97801460370158,1.4372360359700813,-0.037592544950870166,-2.30804443359375,-1.0
123.1143798828125,61.986912405897094,1.657135929826074,-0.18989313909882521,-3.43890380859375,-1.0
95.98556518554688,60.119530831298846,1.6742242759954662,0.0759028404021318,-1.84588623046875,-1.0
119.19451904296875,60.05088536519437,1.8168833259390256,-0.5943866399108009,-3.175262451171875,-1.0
110.61822509765625,55.25095188164072,2.1319738860814565,0.048265403921856916,-2.408233642578125,-1.0
140.4708251953125,58.293865477495316,1.9185842341972426,-0.6097817584816705,-2.537322998046875,-1.0
108.09124755859375,73.63065162666875,1.5053376531520302,-0.3634357491900785,-1.378997802734375,-1.0
104.74972534179688,28.928100552975796,2.8597805512375034,-0.556390482970643,-2.498626708984375,-1.0
132.931884765625,52.572001692957826,2.14090003244794,-0.1423421973138092,-3.019683837890625,-1.0
130.00726318359375,53.326902646174744,2.3718456541085082,-0.10462005608247447,-3.06536865234375,-1.0
93.80224609375,50.986577137013924,1.8730666431600795,-0.14837882543465683,-2.595611572265625,-1.0
119.84552001953125,68.49826738936301,1.7708885046083633,-0.24814555881778455,-2.875823974609375,-1.0
132.638916015625,73.85802566262267,1.804336180131926,-0.3098972543673187,-3.094940185546875,-1.0
126.07467651367188,71.18504817236861,1.8844620358148199,-0.13486286758767732,-3.043548583984375,-1.0
141.80007934570312,62.10200918865599,1.9113235067210044,-0.18831452039005586,-3.878753662109375,-1.0
136.12313842773438,63.24988340204388,1.8485232736805803,-0.19570289850477685,-3.7789306640625,-1.0
143.01388549804688,63.59832298629789,1.8948910947597488,-0.13309866351112357,-3.907562255859375,-1.0
147.855224609375,55.142166846965644,2.1521025726353837,0.36512479795608366,-4.184783935546875,-1.0
99.45223999023438,50.00673353371177,2.430195416687513,0.5812281249868345,-3.031219482421875,-1.0
147.6141357421875,56.07798728328979,2.119326229161626,0.350298996276316,-4.185211181640625,-1.0
136.22857666015625,72.73126373698211,1.624172660955,-0.32026984579601286,-3.942779541015625,-1.0
107.01174926757812,52.91039604231761,1.9939673376706726,-0.05908812967198257,-2.453369140625,-1.0
127.07156372070312,54.45868788046256,2.073178951405575,-0.49678580042645587,-3.315826416015625,-1.0
122.43878173828125,77.87257723584831,1.5174152677754429,-0.171219134498345,-3.53875732421875,-1.0
110.5155029296875,83.73005039583988,1.9492457754838113,0.6105249854424292,-3.339569091796875,-1.0
142.42398071289062,83.57718764486121,1.5849108975388617,-0.5158090062653231,-3.8035888671875,-1.0
141.70425415039062,48.51072282286045,2.055703440226825,-0.589734707170014,-3.439056396484375,-1.0
111.84527587890625,42.58598591242769,2.0429124024380423,-0.2709556158806939,-2.201080322265625,-1.0
119.44943237304688,50.84947696705621,1.9136926548598738,0.18734029423183643,-2.181121826171875,-1.0
123.39498901367188,55.105937492895606,1.4746462422613682,-0.274118035166092,-3.27880859375,-1.0
120.00717163085938,54.543504149112444,1.8341892016642454,0.057913927621460755,-2.613555908203125,-1.0
103.30474853515625,59.121363100410235,1.6169716802240461,0.18743985141259686,-2.06103515625,-1.0
91.25051879882812,48.10758957063546,1.5838436510812288,0.228611766346246,-1.836273193359375,-1.0
131.4852294921875,69.22161977414602,1.7568995081525647,-0.2278732262549581,-3.916473388671875,-1.0
99.207275390625,59.09140175673256,2.958295253416498,0.9949040230078621,-3.406524658203125,-1.0
105.2347412109375,54.073512673102485,2.243542414447279,-0.8646088843955547,-2.5452880859375,-1.0
142.10955810546875,61.95304984695225,1.8467481071821907,-0.5623371160944697,-3.45806884765625,-1.0
151.84689331054688,67.47810204288415,1.8613419171418852,-0.09359096627455442,-4.285003662109375,-1.0
99.98779296875,39.48715980645606,2.8610836976242506,0.730355784883006,-2.06158447265625,-1.0
164.51031494140625,66.0864985538069,2.2412571503077525,-0.5210804611534984,-3.538177490234375,-1.0
113.7384033203125,52.15962842823548,2.072230849824657,0.48230039336027336,-3.6485595703125,-1.0
145.45538330078125,51.71157511875877,2.535622433740749,-0.31191015665625255,-3.539154052734375,-1.0
130.12307739257812,51.73405971529356,2.2468134466254175,-0.23490607321323212,-3.046295166015625,-1.0
148.10687255859375,50.980658587784504,2.350978731500336,-0.12458736911592361,-3.7684326171875,-1.0
158.10372924804688,42.99751849830182,2.359979165010566,-0.3752735350936084,-3.7431640625,-1.0
151.40936279296875,42.9821208849181,2.1250562927707843,-0.147165974460775,-3.4891357421875,-1.0
151.53366088867188,43.09276133707986,2.1882770262101072,-0.20358377984969453,-3.564239501953125,-1.0
141.26678466796875,29.534245693842664,3.161435302626273,-0.9957249650653052,-3.526092529296875,-1.0
135.69500732421875,43.654630858007785,2.291872057645605,-0.04323263748035015,-3.333770751953125,-1.0
136.54876708984375,34.36172009018307,2.755359240324378,-0.49816028756596326,-3.4632568359375,-1.0
143.90789794921875,50.89542944294738,2.3665718022450104,0.2296394996228541,-3.526031494140625,-1.0
138.47018432617188,43.53630717836043,2.0472108285379105,-0.17773476356797427,-3.73486328125,-1.0
136.75344848632812,49.74391683607467,2.5017890187021514,0.2614577993090761,-3.49505615234375,-1.0
92.4949951171875,70.90025738575446,1.8954838277492527,0.4703242737964863,-2.665313720703125,-1.0
89.29058837890625,64.26586364804153,2.1809722165588714,0.5089137456239943,-2.530914306640625,-1.0
108.12017822265625,71.43623418985705,1.458646680845612,-0.02415733584567272,-2.021942138671875,-1.0
139.43423461914062,50.63185773521624,2.300945506785866,0.2950609605652456,-2.9678955078125,-1.0
136.05984497070312,46.50785929393426,2.0682814197699133,-0.18704991019144349,-3.58209228515625,-1.0
118.7891845703125,45.93042213047915,2.2424947850479477,0.20505949212415345,-2.792694091796875,-1.0
88.03729248046875,52.209056005594434,1.6721457570287122,0.09845796759366855,-1.530670166015625,-1.0
86.62008666992188,37.14527179522376,2.34003537851406,-0.17543764520864677,-1.890380859375,-1.0
136.9869384765625,53.879475180148916,2.288584491913898,-0.27356915038837687,-3.63360595703125,-1.0
137.64486694335938,59.55020422488232,2.020446779166665,-0.4813436497500769,-3.006805419921875,-1.0
112.38995361328125,60.73539852569353,1.5243429489597922,0.04654125348997297,-2.290435791015625,-1.0
128.9974365234375,49.09669460198021,1.8394283179658324,-0.6089030211735178,-2.554107666015625,-1.0
158.20126342773438,46.8427382174943,2.850475727077524,-0.383833476655712,-3.508758544921875,-1.0
156.99420166015625,46.25829367942977,2.868944944743822,-0.676299327495094,-3.774505615234375,-1.0
142.38906860351562,63.812728317385904,1.8438116507822282,0.6389296937260381,-4.26544189453125,-1.0
139.71258544921875,58.77932958763718,1.9083860920269415,-0.06309718096202034,-3.360260009765625,-1.0
106.90780639648438,60.991707277904574,2.128970340406055,0.48390479353908655,-2.19903564453125,-1.0
103.28704833984375,70.20150489924399,1.358631476263671,0.10186032564956712,-1.719451904296875,-1.0
135.33013916015625,53.84531085413649,2.4262233800972615,-0.8619408654519598,-3.12274169921875,-1.0
120.79876708984375,65.02173025804062,2.1836511718083678,0.15218918462773515,-3.435760498046875,-1.0
111.529052734375,61.15902312709414,1.9545906493773644,0.35992067083100704,-2.164703369140625,-1.0
132.38552856445312,34.78417191207154,3.856027451580895,-1.1391443929480713,-3.461212158203125,-1.0
164.19015502929688,51.829928086763374,2.2550116902389403,-0.2761226256514897,-4.66607666015625,-1.0
164.97732543945312,55.303049869179524,2.6690034778140754,-0.6896336724549582,-4.092437744140625,-1.0
117.9227294921875,58.80143504560735,1.6670744394534607,-0.408643421389259,-2.04547119140625,-1.0
141.45498657226562,43.32408353366785,2.306977836026694,0.18145198762626316,-3.93170166015625,-1.0
116.81210327148438,45.08859588545826,2.101067906604102,0.2015391728131443,-3.21630859375,-1.0
154.23025512695312,56.682223032825426,2.4883965727251804,-0.6270801878685428,-4.003570556640625,-1.0
158.28018188476562,56.43950988459183,2.632641631686105,-0.6715091509492408,-4.107635498046875,-1.0
155.04025268554688,56.2752549672203,2.560093315694028,-0.6425339900357308,-4.034637451171875,-1.0
78.3253173828125,40.404319723261594,1.7924792920432167,-0.15579274440788865,-1.697296142578125,-1.0
138.80386352539062,61.071127053740994,1.8280120471583734,-0.46990331748316355,-3.572296142578125,-1.0
102.29641723632812,57.47820569351386,1.7109720485030466,-0.03834653245011562,-2.05902099609375,-1.0
107.22134399414062,76.75082710769213,1.2689878523003872,-0.06395393742302216,-1.52783203125,-1.0
102.28005981445312,74.57654352730623,1.2708902070806019,-0.02212139546584384,-1.509033203125,-1.0
104.62741088867188,75.77489903615796,1.2856767731153715,-0.03130787881879334,-1.501922607421875,-1.0
138.59231567382812,71.86688337195734,2.037516686254297,-0.16090198002793596,-3.95281982421875,-1.0
105.725830078125,55.28777740105385,2.5942544889852805,0.07926229704203443,-3.135528564453125,-1.0
107.70663452148438,73.68600791199192,1.6494825688541368,-0.051968090157565934,-2.87750244140625,-1.0
118.69149780273438,63.798150893855365,1.779280791671499,-0.47245811618026157,-2.587554931640625,-1.0
135.86346435546875,49.13095126298875,3.1386562689674955,-1.1810687365558694,-3.519378662109375,-1.0
155.64187622070312,64.30705460661217,2.5431688604389016,-0.33731969421004565,-3.50146484375,-1.0
141.06027221679688,60.56835820691339,2.1297464331159075,-0.3787613556498774,-3.17205810546875,-1.0
154.48663330078125,24.714839100196073,4.958698915437108,-0.2641603446376902,-3.83343505859375,-1.0
178.94952392578125,45.740487767574706,3.9371384239302007,-0.7472876328689648,-4.66943359375,-1.0
104.67312622070312,66.84657332439319,1.9689416520438061,0.4470709631541887,-1.940704345703125,-1.0
127.76950073242188,34.213149057617215,2.8997897522032714,-0.671070295016658,-2.937957763671875,-1.0
123.31494140625,44.479986348964154,2.1906135028187883,-0.05044358422393999,-2.97314453125,-1.0
124.44595336914062,53.81429040888282,2.142942594317901,-0.441870598333268,-2.306884765625,-1.0
115.47015380859375,55.964890203835424,1.8385029362730858,-0.021534247887980962,-2.388763427734375,-1.0
143.05340576171875,40.583943194340826,2.297280084487189,-0.1875191637959929,-3.69439697265625,-1.0
96.8048095703125,63.90109309106798,1.8934988611638217,0.5576806611855063,-3.15142822265625,-1.0
100.54922485351562,57.921711543433425,1.4920334294757165,0.004701619533328434,-3.0806884765625,-1.0
115.88876342773438,59.27289144068983,1.5960043200255927,-0.3972742356589999,-3.33416748046875,-1.0
136.79031372070312,71.6411819056615,1.5666009513368988,-0.1519893700523688,-3.955596923828125,-1.0
94.16873168945312,66.553331929058,2.069183932006398,0.7355505046736256,-1.669158935546875,-1.0
97.94644165039062,69.57595863772765,2.0173316490283613,0.7048415359364492,-1.732208251953125,-1.0
151.21212768554688,70.21578868832147,1.5876309008864382,-0.2761352092202467,-2.7894287109375,-1.0
143.83346557617188,65.43230489358385,1.6558881450235976,-0.4077485870891832,-2.97698974609375,-1.0
164.93948364257812,46.120504714380594,2.726653518893779,-0.4830346564518459,-4.302520751953125,-1.0
76.34783935546875,54.893784672411435,1.4944100457524694,0.2400778003578708,-2.239776611328125,-1.0
99.02487182617188,48.99496161134603,1.683861020434478,-0.43842469158216046,-2.773406982421875,-1.0
91.74093627929688,47.148677248588235,1.661323911916499,-0.3533630900529393,-2.53692626953125,-1.0
91.853515625,48.11388550536543,1.911813366133155,-0.02959372855110453,-2.3883056640625,-1.0
107.3453369140625,59.95206072756589,1.812490505008665,-0.29783192840814315,-2.17584228515625,-1.0
132.99383544921875,44.177713409532785,2.259594274403226,-0.4110577219516608,-3.45428466796875,-1.0
146.25799560546875,47.0609176422806,2.095030269147774,0.3483447324912195,-4.23834228515625,-1.0
147.02462768554688,45.92190289353496,2.119514844171022,0.333797423784632,-4.236358642578125,-1.0
146.7547607421875,45.59796074819776,2.0660089643348396,0.3082279834110876,-4.198760986328125,-1.0
134.20077514648438,55.81971328533309,1.6525404867184639,-0.14355865775197169,-3.507476806640625,-1.0
136.71853637695312,56.82185655266713,1.6605908597250727,-0.1314111678650068,-3.5557861328125,-1.0
135.15853881835938,56.73227120746417,1.6864592423998044,-0.1767699540002472,-3.509979248046875,-1.0
113.49716186523438,39.45728575424544,2.6080750474616985,0.44366164669826647,-3.336883544921875,-1.0
112.63232421875,39.01154885811947,2.595570583582464,0.4277238981930617,-3.297210693359375,-1.0
120.79611206054688,42.752494373548174,2.439512536358467,0.46259777453884376,-3.587677001953125,-1.0
137.81427001953125,34.56992616624437,2.9952494421798974,-0.8036199344359467,-3.1600341796875,-1.0
161.05364990234375,44.9809058358328,3.6018777715674837,-0.5867250501204067,-4.267608642578125,-1.0
120.74801635742188,65.29994236090029,1.8124015751315539,0.1597162125190809,-2.437103271484375,-1.0
91.50030517578125,55.11684030028648,1.6852129812516494,0.04954622367132277,-2.3150634765625,-1.0
94.86923217773438,57.45610795694,1.5832967804852547,0.1406114181605538,-2.020355224609375,-1.0
98.98724365234375,66.01104508103481,2.784893347123023,0.6813904345547874,-2.9588623046875,-1.0
144.3013916015625,47.530547142500744,2.7760127175240807,-0.9280972148966632,-3.868438720703125,-1.0
115.35104370117188,73.82440239182398,2.2787612728718396,0.4810590390166903,-3.217926025390625,-1.0
146.00906372070312,56.02385284874353,3.1850364683325103,-1.1165829572367,-3.53448486328125,-1.0
126.06936645507812,57.97674584582734,1.9722948062656283,-0.5830673951971022,-3.207733154296875,-1.0
117.92312622070312,61.65412226121787,1.564512579135639,-0.15369225800553044,-3.273895263671875,-1.0
123.58456420898438,57.07391306236182,1.8980004358137832,-0.49695348510376275,-2.5120849609375,-1.0
93.39596557617188,53.91469423810478,1.9945287417961777,0.08172130669268853,-2.34771728515625,-1.0
92.50173950195312,54.71443298007684,1.9769349689002484,0.07046669092600136,-2.32623291015625,-1.0
103.3717041015625,58.20475051133667,1.7835346724720609,-0.061351301797891084,-2.922576904296875,-1.0
112.21240234375,49.87529958387642,2.5695112450506334,-0.13638515804087992,-2.5570068359375,-1.0
104.75656127929688,49.92930977785677,2.4710606016963306,0.11307541636930898,-2.411468505859375,-1.0
110.8828125,51.6479422027135,2.3997764699893223,0.17011059843839854,-2.67889404296875,-1.0
76.93310546875,50.65657455258898,2.474964753151951,0.5858971630239137,-1.8016357421875,-1.0
91.556396484375,58.79100395502809,1.8445981645376777,0.1106449524026281,-2.517578125,-1.0
89.02532958984375,55.11655541228212,2.155474113622062,0.18928233676852899,-2.302520751953125,-1.0
83.19403076171875,64.13112586521495,1.5594556810862255,0.07685562774545687,-1.463226318359375,-1.0
91.813232421875,65.3531567389781,1.6299866314080145,0.3365685223394189,-1.562347412109375,-1.0
116.41461181640625,74.99838902937397,1.56635770411603,-0.3808593967504622,-1.900238037109375,-1.0
148.86788940429688,55.56709119054308,2.076083655256168,-0.4739263009433101,-3.98602294921875,-1.0
141.57760620117188,52.041579707737874,1.5816293879226495,-0.10540848262740626,-3.78192138671875,-1.0
106.250732421875,53.116559345345195,2.567900599098383,0.735991718880618,-2.967010498046875,-1.0
104.796875,61.93340829143398,1.7193323974385533,0.16003723714526213,-2.22747802734375,-1.0
147.87185668945312,53.312279936805126,2.215250816443885,-0.4690362505697988,-3.5838623046875,-1.0
79.54318237304688,42.33909737761741,1.594670484513964,0.11893493700423917,-1.665924072265625,-1.0
129.32748413085938,67.0620067295817,1.5905577760373761,-0.07831409420647284,-2.494171142578125,-1.0
159.62741088867188,59.141416504849914,2.200031315573944,-0.574472477887267,-4.31451416015625,-1.0
129.545166015625,78.91408388303853,1.4148763723402082,-0.22520837020098372,-2.782562255859375,-1.0
116.72024536132812,54.90289023779283,1.786507264615516,-0.49650758157560804,-2.4151611328125,-1.0
103.47085571289062,64.53710277371503,1.3768868702576476,-0.06466707332871431,-2.104888916015625,-1.0
148.21096801757812,52.539996805516594,3.204507827936933,-1.0817834896624325,-3.579193115234375,-1.0
132.27728271484375,66.83007053159301,1.8227313054276832,-0.272323672305422,-3.77203369140625,-1.0
132.88555908203125,65.39950981830017,1.8782892727508327,-0.3151077573769771,-3.636993408203125,-1.0
133.03762817382812,65.42794480431598,1.8806917098075917,-0.3191715048088024,-3.640533447265625,-1.0
107.24789428710938,58.461967209417345,1.8288532980931573,-0.09657986240400017,-2.1234130859375,-1.0
123.74893188476562,65.82230200026827,2.135568038040176,0.053623236159894554,-3.633270263671875,-1.0
111.30191040039062,62.93380477690257,1.450462605906588,-0.03956247072279573,-1.826904296875,-1.0
122.52731323242188,63.426996161865354,1.4236270065542604,-0.16138262702165507,-3.136871337890625,-1.0
99.6226806640625,51.35785515659617,1.736112709816937,-0.026664384853537313,-2.146820068359375,-1.0
104.24526977539062,55.71953223944389,1.7607591828556404,-0.09226917301796178,-2.314300537109375,-1.0
120.51724243164062,44.25671574204907,2.3901132091784905,-0.18702630512383464,-2.5350341796875,-1.0
122.32562255859375,58.82130592982973,1.9459122515423448,-0.3083209719616143,-2.33551025390625,-1.0
110.6334228515625,62.78343797600952,1.7282387337385803,0.15216075556951125,-1.7996826171875,-1.0
144.8316650390625,48.94419298599424,2.847725325243334,-0.0826678043112617,-4.08233642578125,-1.0
112.32586669921875,60.243894585132544,1.7445637459061631,0.09386849752710492,-2.191741943359375,-1.0
154.45965576171875,45.43787654103967,3.5098914453337713,-1.0799997428346706,-3.5736083984375,-1.0
131.270751953125,60.489220239734394,2.2543282395018687,0.004607721563876935,-3.4351806640625,-1.0
89.93414306640625,53.855706693813,1.7368350282811182,0.18228899331683598,-1.76959228515625,-1.0
125.36044311523438,58.02039745976741,2.291616484141257,0.15299458017937703,-3.8428955078125,-1.0
130.80230712890625,60.07489332640036,2.2067066024354105,-0.13580569192488,-3.7060546875,-1.0
110.81890869140625,64.04401816110828,1.598423152270753,0.005777053545346966,-2.18841552734375,-1.0
115.85821533203125,51.17787609236533,2.7256332387359907,-0.2591399881022175,-2.70123291015625,-1.0
136.44729614257812,67.19803118678898,1.9065994519558909,0.15119568007159226,-4.16259765625,-1.0
80.62704467773438,50.060992832926054,2.0068589732530144,0.465079349669234,-1.547943115234375,-1.0
111.526611328125,56.08363042220365,2.0599686028641195,-0.11552637054686336,-2.689178466796875,-1.0
106.52413940429688,64.61227549128134,2.2003934493265205,0.5721283668478491,-3.46258544921875,-1.0
102.46905517578125,52.05063859939612,1.6667385502341288,0.04478794278107934,-2.20550537109375,-1.0
105.00262451171875,52.852552526354316,1.802798866286805,0.12255753299932143,-2.633514404296875,-1.0
143.59463500976562,54.4776045524508,1.5565937113995556,-0.2299008858629624,-2.779022216796875,-1.0
148.07925415039062,47.1752579712999,2.247238040787551,0.006279650944805009,-3.819580078125,-1.0
143.13870239257812,48.88441826388294,2.0371690139514453,-0.5933590436519003,-3.0074462890625,-1.0
76.85604858398438,43.461135814410014,4.602504601234629,1.3122153001365047,-2.54376220703125,-1.0
110.96481323242188,66.47895006703972,2.234823228029704,0.6024496198880028,-2.1336669921875,-1.0
90.30599975585938,65.23884454357339,1.656298004521377,0.4378892995242609,-1.86456298828125,-1.0
40.92376708984375,35.01685635804302,9.281101736874515,2.359902877460382,-1.947235107421875,-1.0
55.984466552734375,54.054721093611924,3.5099324232062363,1.3083388329117291,-1.1356201171875,-1.0
78.68856811523438,57.31276346639154,1.8240329025452835,0.5082803876046349,-2.531890869140625,-1.0
141.64862060546875,67.33262168322749,2.0552283660683335,0.15104101903404996,-2.9482421875,-1.0
107.60592651367188,52.540409143889676,2.186182436828904,0.05058431106692743,-2.674560546875,-1.0
142.51950073242188,73.8867221134715,1.5997353560177512,-0.23656030104847095,-2.249755859375,-1.0
132.40933227539062,68.34164305879344,1.3926058112533928,-0.0315175534415663,-2.540313720703125,-1.0
106.71820068359375,79.46941920049866,1.4334397661705127,0.2849273244918754,-1.904266357421875,-1.0
135.54116821289062,72.807165037957,1.8458048407760324,-0.44925790063829785,-2.973052978515625,-1.0
48.70208740234375,50.17467391705937,3.0348217005287013,1.2155171136462264,-1.00360107421875,-1.0
90.44287109375,63.78425030773018,2.025622248004369,0.7070672879600615,-2.90789794921875,-1.0
66.32174682617188,54.03392559309571,6.963430738222416,2.055760268107236,-2.24658203125,-1.0
71.81610107421875,57.92763383387621,1.5163144213650641,0.1089383211175673,-0.9891357421875,-1.0
132.67977905273438,58.82814877797935,2.212933023131762,0.18791693211466048,-3.742645263671875,-1.0
139.14852905273438,43.897574455021555,2.4473115742357097,-0.5685344765514982,-3.913543701171875,-1.0
91.2825927734375,57.82347043945447,1.3759281175048306,0.0638117620821127,-1.994659423828125,-1.0
103.28115844726562,43.07035492197401,1.711218112793491,0.14818904408490294,-2.491943359375,-1.0
104.80221557617188,50.940464976171555,1.4436139064127798,0.12379367496755117,-2.27655029296875,-1.0
101.45004272460938,48.83968286164883,2.595642734256257,0.12571069666453333,-2.225799560546875,-1.0
127.80343627929688,59.39565450188709,2.037649727309376,-0.007663074242344745,-3.5225830078125,-1.0
109.80172729492188,56.57004843036008,2.0229821910523254,0.3034118558943641,-2.34783935546875,-1.0
143.66314697265625,50.362829128495044,2.188585464477879,-0.42826783438035204,-3.62506103515625,-1.0
134.98519897460938,57.42577940107242,2.1575647284707506,0.20370683833747946,-3.73779296875,-1.0
146.417236328125,46.50223330891555,2.902351924053393,-0.7752196344424331,-3.3125,-1.0
132.93344116210938,67.06290438219006,1.842605124039006,-0.24362339218190054,-3.247222900390625,-1.0
108.36895751953125,57.357545064418446,1.901626375888495,0.2937476324740921,-1.963775634765625,-1.0
91.68045043945312,51.32829908373921,2.845350875807422,0.564463682406874,-2.095733642578125,-1.0
112.684326171875,64.31017966584034,1.6636379699606365,0.25484736764102167,-2.20147705078125,-1.0
112.72592163085938,64.20964103874508,1.6658416661542084,0.2491560887538301,-2.175140380859375,-1.0
128.36639404296875,70.94329031115014,1.507271434956248,0.13233962267611954,-2.697967529296875,-1.0
115.22958374023438,66.25681158936531,1.943687277693325,-0.1687228220115993,-3.313140869140625,-1.0
109.31741333007812,64.12112149761812,1.9924886239349329,-0.10000163193393898,-3.25518798828125,-1.0
116.58114624023438,62.880200550974926,2.0422627586137456,-0.2691443987148526,-3.426422119140625,-1.0
83.33596801757812,48.47081759505311,2.528418632665953,0.6830627806938269,-2.139923095703125,-1.0
84.19314575195312,46.46280926122742,2.749639866295087,0.642721412454724,-2.22882080078125,-1.0
83.90963745117188,46.29116698427907,2.699146201280515,0.6208912785822812,-2.227264404296875,-1.0
125.58609008789062,32.81034389239049,5.104079889244816,1.3970208626237184,-3.198272705078125,-1.0
134.24514770507812,35.93847200717399,4.344662098986262,1.3128454367349482,-3.48028564453125,-1.0
129.9683837890625,36.11709611333764,5.021889797710271,1.4615665579626127,-3.206512451171875,-1.0
92.53848266601562,63.77161242581876,1.6181461542444484,0.03792310609743498,-2.763671875,-1.0
88.89324951171875,66.18892507442901,1.6121186590989005,0.15081998741428204,-2.654296875,-1.0
94.3751220703125,64.47132828922518,1.703650136609865,0.0857865722118215,-2.677642822265625,-1.0
118.7015380859375,61.282870104399386,1.7323763416837088,0.07183749203007105,-3.547821044921875,-1.0
122.47927856445312,60.819448185348385,1.721134407748659,-0.008228144162152855,-3.592254638671875,-1.0
121.78033447265625,60.569551579615364,1.6840563419928518,-0.00901226902689992,-3.580596923828125,-1.0
144.25704956054688,56.50526517564814,2.179984157606513,-0.5093409741818891,-2.96533203125,-1.0
150.20016479492188,54.97511710261178,2.4875628254701305,-0.6555481690955446,-3.224700927734375,-1.0
149.48037719726562,54.8302833978975,2.5348294038030152,-0.6668175224789663,-2.966827392578125,-1.0
78.92837524414062,44.66055632432718,2.0028576365487947,0.5186018493231248,-1.58270263671875,-1.0
80.23135375976562,43.66405049834511,2.1449648538492876,0.5800082526317838,-1.6771240234375,-1.0
82.15643310546875,46.92655180381067,1.9868617529596446,0.38156642438198557,-1.657501220703125,-1.0
105.25274658203125,50.88751450448784,2.1759110159789925,-0.21143753663486234,-2.36907958984375,-1.0
107.81185913085938,51.118169031783154,2.2075932969096717,-0.22581579260989046,-2.41357421875,-1.0
107.00054931640625,50.30948258437385,2.1612123826852403,-0.3172291660913895,-2.288787841796875,-1.0
170.05731201171875,43.27496819926667,2.2722264895497095,-0.3175651354264126,-4.620086669921875,-1.0
164.36102294921875,51.05911423152278,2.250740916914357,-0.23972795015584508,-4.23870849609375,-1.0
161.1986083984375,52.562059972185615,2.1213455901291782,-0.690458335052856,-4.199005126953125,-1.0
152.91781616210938,59.644854280974585,1.8526162709344536,-0.32035754346594214,-3.444427490234375,-1.0
149.18057250976562,49.312279763436024,2.767403697254491,-0.7387146608678067,-3.98956298828125,-1.0
128.93429565429688,40.728289040916465,3.102693044425062,-0.400032917000312,-2.787750244140625,-1.0
141.01492309570312,48.395630164628834,2.385692467116143,-0.7348080864949046,-3.585906982421875,-1.0
151.66427612304688,47.461032102271275,2.6798182758906353,-0.7650807420249657,-3.944580078125,-1.0
127.01193237304688,44.4526280901579,2.499167387039203,-0.3373534066009072,-2.78228759765625,-1.0
96.3656005859375,54.688035958941086,1.91966146124407,0.22088397242129615,-2.6431884765625,-1.0
118.24575805664062,65.64145597041745,1.6499499149892165,-0.2939608628458567,-2.78924560546875,-1.0
123.16873168945312,58.564737064697624,1.9260481858664378,-0.27632130169917896,-2.856658935546875,-1.0
119.246826171875,58.96764375000781,1.5998050226753178,-0.2093526158692074,-3.375335693359375,-1.0
114.3111572265625,56.81432560229456,1.7705331480483775,-0.1745972802082084,-2.73236083984375,-1.0
118.54788208007812,58.964673786028186,1.6170477215340797,-0.19585180912600494,-3.32366943359375,-1.0
140.81680297851562,53.68084352982951,2.0919882849875395,0.09504612351014399,-3.379638671875,-1.0
144.78793334960938,50.48398327977085,2.365993707848363,-0.21242827388866548,-3.984039306640625,-1.0
131.40597534179688,55.468690879616375,2.697518606239332,-0.031226237231831936,-2.70794677734375,-1.0
145.90292358398438,49.42249334660538,2.1346382878080226,0.36171939107262907,-3.98809814453125,-1.0
126.369140625,52.34208152905766,1.6343125026967913,0.469907771912501,-2.41400146484375,-1.0
150.98056030273438,48.46885384125671,1.9524332465989742,0.4898731744617631,-4.21173095703125,-1.0
125.13287353515625,41.94064441565369,1.8349399908735327,-0.29832281340899547,-2.98590087890625,-1.0
102.66400146484375,31.583369379384674,3.811073749473717,1.0287882204669798,-2.39178466796875,-1.0
134.96575927734375,56.47796345393561,1.8733103893530956,-0.48722525655488663,-2.429443359375,-1.0
111.90423583984375,55.21619781362937,2.118397051872165,-0.1118197146995837,-2.46856689453125,-1.0
110.3585205078125,52.81932797903444,2.121169911102993,0.033822994259716216,-2.957366943359375,-1.0
145.23696899414062,63.7522315218123,1.9139974605838523,-0.24701983913742606,-3.356048583984375,-1.0
103.6072998046875,64.32468509269314,1.5826115101786495,-0.1238799047275378,-1.873748779296875,-1.0
82.81448364257812,53.51681205778469,1.6101094135540526,0.100263499276996,-1.648895263671875,-1.0
136.3472900390625,49.791755998386506,2.3738376389147295,-0.4674727270107687,-3.0888671875,-1.0
100.77340698242188,62.625138993069854,1.7539791514834087,-0.21986833312341666,-1.629638671875,-1.0
157.53814697265625,38.595676959803136,3.2800882388884682,-0.8087064803407623,-3.9542236328125,-1.0
77.36965942382812,49.82622021277075,2.7672125097342253,0.6292080413933524,-1.801666259765625,-1.0
116.61795043945312,70.27645276096185,1.4835470010455793,-0.2730030318550317,-1.885284423828125,-1.0
101.01895141601562,57.7574873283449,1.6350201140429033,0.10703634501251769,-1.784759521484375,-1.0
148.15765380859375,49.67685105704139,2.449047300961414,-0.04347137960794992,-4.0323486328125,-1.0
127.34686279296875,53.82322594756074,2.031376637088069,-0.4238004232423316,-2.9248046875,-1.0
119.07345581054688,45.869869512582575,1.999877098235199,-0.468895956186442,-2.43597412109375,-1.0
105.07257080078125,57.24938509248006,1.7422291894664168,-0.11177527288167569,-2.9466552734375,-1.0
114.43466186523438,64.63589236041105,1.7844913545180539,-0.403396718387877,-2.551666259765625,-1.0
139.96578979492188,55.988138120208546,2.0462518328370383,-0.25196910066330475,-2.635345458984375,-1.0
103.48553466796875,62.48830699504253,1.624928240306983,0.06324811506247394,-2.044219970703125,-1.0
109.06991577148438,55.87309343825016,1.5766838374807546,0.14346082346048672,-2.295196533203125,-1.0
153.29672241210938,57.42315405319961,2.25226472518673,-0.4335408038369381,-3.169952392578125,-1.0
118.3934326171875,47.9204702317204,2.2098255107213607,-0.5443576131902469,-2.529541015625,-1.0
111.05789184570312,72.67522577883554,1.7305965126164418,0.3576568207868404,-2.094573974609375,-1.0
110.43914794921875,49.57861703371977,1.7442986141992798,0.1470632096804723,-2.073028564453125,-1.0
113.198486328125,54.24918544710983,1.7110762708089886,0.019810560848872907,-2.052947998046875,-1.0
85.875,51.32529431342554,1.5907671813925806,-0.01988330981421867,-1.881011962890625,-1.0
95.8746337890625,57.228361234779214,1.6860177388341564,0.04655599853766434,-2.18115234375,-1.0
106.48324584960938,58.29971579816681,1.8098457200709968,-0.07457086066747552,-2.62017822265625,-1.0
110.72802734375,57.220128243968645,1.8033008132860961,-0.3452532668725299,-2.0927734375,-1.0
112.78305053710938,59.63971919811067,1.9392084831865977,-0.4828379822618677,-2.53973388671875,-1.0
94.58584594726562,58.58225835131971,2.7120001328994183,0.4910126292454346,-2.977386474609375,-1.0
116.1329345703125,56.18191879983164,1.9768625025048248,-0.14949994095626823,-2.445098876953125,-1.0
96.35321044921875,52.604261111292665,1.825766028021289,-0.2144358295379752,-2.084136962890625,-1.0
115.71429443359375,61.14608683467453,2.3770791025781333,0.43068747525291373,-3.274688720703125,-1.0
92.90176391601562,45.557016124110234,2.1326768074904177,0.1864116211965746,-1.981658935546875,-1.0
137.09420776367188,58.01329459653679,1.922491897620225,0.06930750674981694,-3.512542724609375,-1.0
113.97207641601562,31.531631183084908,2.8012778394155484,-0.21145824119109088,-2.751220703125,-1.0
127.3204345703125,62.70011049126859,1.6471213108076286,-0.3494150544706245,-2.6407470703125,-1.0
108.3599853515625,76.94143026548804,1.4639758379248224,0.11333977733634609,-2.114105224609375,-1.0
126.82870483398438,53.03804883163111,1.891232726689927,-0.3061128137519461,-2.8768310546875,-1.0
87.54904174804688,52.80739788223995,7.1202707023263505,2.027382484817773,-2.789031982421875,-1.0
126.17599487304688,55.25912789836947,1.9012530101387408,-0.09333668146984585,-3.363677978515625,-1.0
111.87109375,60.49957973848732,1.8636784392578614,0.2604376749363524,-3.638275146484375,-1.0
67.57345581054688,43.01528073861097,4.746544044546246,1.325579838627228,-2.274017333984375,-1.0
94.36358642578125,59.65939739351887,1.6100664462267396,0.243879612196682,-1.89715576171875,-1.0
101.15963745117188,61.82498626410677,1.584080781943077,0.2529734101659823,-2.8653564453125,-1.0
118.10809326171875,48.577387749796756,2.020538955612679,-0.4088772964681724,-2.273193359375,-1.0
117.18838500976562,60.57700099116808,1.943860328278824,-0.41723485456278453,-3.166290283203125,-1.0
117.10858154296875,46.33762248576521,2.8391645405782113,-0.9386618966542187,-3.202484130859375,-1.0
131.5924072265625,56.09500478458148,1.588052618215565,-0.3774564206494359,-2.4383544921875,-1.0
163.606689453125,53.723258587415174,2.5985005006298207,-0.4772736025379012,-4.0762939453125,-1.0
139.32498168945312,55.60436769405576,2.5839366481230455,-0.46796746479647466,-3.63836669921875,-1.0
139.126953125,49.8997927321033,2.106727967751479,-0.4637954400345394,-3.244110107421875,-1.0
128.44107055664062,34.6125484559091,2.9327680495995865,-0.6459860691586805,-3.00360107421875,-1.0
125.994140625,55.18030408480518,1.9328300062643462,-0.44399073919806414,-2.603424072265625,-1.0
110.1126708984375,50.31531182992376,2.0013375606077757,-0.33437434698014024,-2.53997802734375,-1.0
93.92568969726562,59.27167077605254,1.5333835270624891,-0.13361158927872266,-1.53704833984375,-1.0
128.7781982421875,48.7311201005099,2.280921579930679,-0.5561699740940131,-3.450286865234375,-1.0
98.80807495117188,60.65166853840415,1.75302018411342,0.07510536775220765,-3.051025390625,-1.0
115.16152954101562,63.21143373555137,1.6044119090537379,-0.23719398490671145,-3.2073974609375,-1.0
105.24429321289062,58.81271439923753,1.8645815622993773,-0.3098136464897622,-3.029083251953125,-1.0
165.38421630859375,52.44079936046422,3.6130438426502973,-1.3022221344094673,-3.616729736328125,-1.0
132.84970092773438,53.277134311725625,2.2168411201427745,-0.6291349849451289,-2.635772705078125,-1.0
126.13577270507812,42.40669663831426,2.2614008468692153,-0.3490930928281619,-2.678955078125,-1.0
120.77120971679688,60.268229790306236,1.8183652621716204,-0.2571608725090869,-2.356201171875,-1.0
127.59210205078125,57.90619022645926,1.7685035319735942,-0.37214300263107974,-2.26708984375,-1.0
118.87899780273438,36.09684028985555,2.738281010871219,-0.5056000108323654,-2.5113525390625,-1.0
108.08102416992188,77.48166903174958,1.3296475339843243,-0.08889037295475923,-2.739715576171875,-1.0
95.0032958984375,66.30885470499443,1.5148793028055876,0.05635042680695962,-2.46087646484375,-1.0
93.31820678710938,64.24379746557135,1.3242565440909562,-0.1651876900110933,-2.178741455078125,-1.0
89.819580078125,74.18208229471712,1.3806063489949811,0.20754439849071588,-1.41033935546875,-1.0
96.89749145507812,74.1921858617164,1.3517946666900162,0.05871929227286429,-2.241668701171875,-1.0
158.92864990234375,59.56204728033798,2.9249877788808187,-0.9213809497642139,-4.15802001953125,-1.0
132.01736450195312,69.83051849223247,1.6586820355214738,0.013604661656208494,-2.714691162109375,-1.0
103.33395385742188,45.282669013742506,2.1010170399020622,-0.4072726924978404,-2.064208984375,-1.0
127.19384765625,56.81555817177561,2.6715128981047433,-0.05064194303490255,-3.905609130859375,-1.0
147.96670532226562,61.62066221162237,2.069201228195453,-0.7006965425698728,-3.869293212890625,-1.0
149.7161865234375,65.99418054217931,2.1524849408465365,-0.7096439201940794,-3.1685791015625,-1.0
145.47366333007812,66.13950555544457,2.092715402973745,-0.6872911725601968,-2.56884765625,-1.0
129.52557373046875,43.36093139787767,2.1876555504489743,-0.2225589235633499,-2.953582763671875,-1.0
151.52093505859375,58.41213876075107,2.3858212578326103,-0.7084917149542381,-3.8804931640625,-1.0
121.87091064453125,65.71099738416538,1.688224947414868,-0.3717629553309825,-2.4544677734375,-1.0
160.08258056640625,46.467376012735386,1.7664951552076984,-0.015279613870848118,-4.244415283203125,-1.0
164.87310791015625,35.01627713476268,3.268420437247194,-0.7452665788274025,-4.03936767578125,-1.0
122.16543579101562,56.29559766639505,2.6520022067902076,-0.30037092098680884,-2.933441162109375,-1.0
119.00201416015625,64.92874597203418,2.2295634737268366,0.5122576406556398,-2.92413330078125,-1.0
99.7586669921875,76.41168626101997,2.4888097558964075,0.7778299073938223,-2.684417724609375,-1.0
119.0977783203125,81.80739903063268,1.7262816597099424,0.1441958148738314,-2.131591796875,-1.0
112.49203491210938,61.56509506894696,2.0336433628439097,0.2756099187739849,-2.065277099609375,-1.0
112.1934814453125,61.786285457035085,2.03895031544707,0.2806913023666636,-2.0960693359375,-1.0
112.2122802734375,61.41706564120938,2.0627041133671686,0.28606891258651584,-2.10711669921875,-1.0
134.92800903320312,73.73776307688725,1.667566366615651,-0.3565194230183114,-3.755615234375,-1.0
144.81195068359375,69.39845539445803,1.8864647791940565,-0.5479944448326898,-4.052490234375,-1.0
135.8873291015625,69.35518926419522,1.668139649183724,-0.2743375152396477,-3.8829345703125,-1.0
151.7730712890625,60.28140197843086,2.067569901217999,-0.4656089512673003,-4.32080078125,-1.0
138.86032104492188,70.99496269606071,1.7675447428996758,-0.2668724714359032,-4.19482421875,-1.0
142.42929077148438,65.6183004225488,1.7385734772640402,-0.30017196405344937,-4.136383056640625,-1.0
87.2950439453125,62.17469128635171,2.100566223562299,0.3041782867954201,-2.3529052734375,-1.0
90.74301147460938,56.227583000781706,1.791283476383425,0.0871771047979159,-2.475311279296875,-1.0
89.85531616210938,53.5637261378658,1.871600253610903,0.16969806908800647,-2.682403564453125,-1.0
105.7564697265625,64.86515180425752,1.8338728425867703,0.03751388493199346,-2.765533447265625,-1.0
109.05679321289062,60.25614932295733,2.2044025866616943,-0.09770012869406577,-2.230224609375,-1.0
98.43939208984375,68.76862956867319,1.7958376662557225,0.19179264323042908,-2.02740478515625,-1.0
127.84414672851562,58.85534599326154,2.0013668237646005,-0.22725158834542436,-3.108123779296875,-1.0
128.472900390625,71.12898235579934,1.6623901738767084,-0.3315537171378702,-3.505889892578125,-1.0
120.75753784179688,70.89632893894684,1.5569535610912366,-0.19520396785805288,-3.262481689453125,-1.0
104.07763671875,50.35749406531959,1.7591008505439378,-0.025379181841729343,-3.166656494140625,-1.0
121.4840087890625,67.77280006297717,1.4502594332928749,-0.08877993188067161,-2.473114013671875,-1.0
94.82962036132812,49.08745302094308,3.4338540861141005,0.27600543992993604,-1.951507568359375,-1.0
135.26986694335938,55.29952084535524,2.222621892721184,-0.33243732075174376,-3.50286865234375,-1.0
120.40640258789062,55.452307723478945,1.7822829005146665,-0.05523602280262449,-2.41302490234375,-1.0
138.455322265625,51.888817413719146,1.8355677321616624,-0.2737920683233932,-3.272491455078125,-1.0
86.08953857421875,51.29252838908686,2.4837749942872884,0.6903409634262415,-2.81488037109375,-1.0
127.86053466796875,62.50452265345097,1.9473893800907642,0.12008176603418345,-3.745452880859375,-1.0
115.11325073242188,66.30580159940973,2.3336682509435387,0.47146245821465893,-3.537353515625,-1.0
