0,1,2,3,4,5,6,7,8,9,10,11,12,13,14,15,16,17,18,19,20,21,22,23,24,25,26,27,28,29,30,31,32,33,34,35,36,37,38,39,40,41,42,43,44,45,46,47,48,49,50,51,52,53,54,55,56,57,58,59,60,61,62,63,64,65,66,67,68,69,70,71,72,73,74,75,76,77,78,79
-3.0492429388453526,9.355641536120336,7.928689163489681,-28.946072076423704,-19.88311231575884,0.13590334504814686,14.867444208612316,-15.594534453048992,-1.7164064519391633,0.7578502913025762,6.724650857035457,-18.046300360434838,-10.578832407187171,-20.607352323535768,-0.4670192773272205,10.957332074330106,-12.473862328052048,1.651107865468012,2.671133618667871,-0.9438831115689608,2.6931699953716395,-3.939817470288564,1.8969836679382004,-8.661661019565226,6.583375909969731,-3.672785814001648,13.598446942749897,-3.4664676339910727,-0.5954865121528715,2.5973513483730897,3.2209942573385892,3.9241187648142604,-11.11935527899799,-6.0698276110560965,-6.085409330043276,0.36223761904934054,-0.029400722887020055,-9.433716891754486,-16.965235809255393,-13.41459262116235,1.3938173997084853,5.830069264732422,-1.6613074310408233,3.0332539883351073,0.2774069627325877,-2.9198525069070214,1.172577299032507,-2.1070385020083293e-15,-5.657366936029362e-15,-2.7738228380869145e-15,-1.7775277777465348e-14,-4.124738745003853e-15,-1.5263398184250931e-15,5.8333329486237595e-15,1.1989974985082696e-14,-3.841043694045865e-15,1.4032503457828138e-14,2.089474426814064e-15,-1.6605640473787986e-15,2.4371780635301654e-15,2.456368441983159e-15,2.7712207528729493e-16,2.192690473634684e-15,-1.044737213407032e-15,4.419208055050916e-16,3.509779272770075e-15,9.410874857174178e-16,-1.932481952238163e-15,-9.21550162569229e-15,-2.9481625474225837e-15,-9.270795936489051e-15,4.548444954011188e-15,1.7321213907628419e-15,9.18709552877317e-15,3.612995319590695e-15,7.101957910649048e-15,-3.774324602856538e-15,-3.3393426912553537e-15,1.7135069947139814e-15,-1.2553976955209656e-15
-5.030904355778168,15.918271079288019,12.766198018153915,-24.364854439986185,-11.159615985035352,4.613156212928325,9.272438317677633,-10.326619349360975,2.329685252254003,4.30858628362717,8.59367757388387,-17.1591034131001,-2.037776351703775,-8.780907543415394,8.380876796021946,4.090617392986445,-18.39381872412391,-0.2495011248224879,-15.934891234375167,-10.783101283571582,-10.905053388516258,-7.301669803877238,7.50471524233186,-1.9676271024717784,3.312423231922435,3.0276014340107893,-8.457772743807705,-8.040472766827884,4.850373488833698,-11.551880575133623,-5.403944770125474,0.5095637124656048,1.1423579345378996,2.73579518866417,6.128808973920082,8.775425072536647,-5.84799899200214,11.170442277912374,16.073777596563886,9.963342163396867,-0.9212486217476591,-5.763856445840031,5.945538117175133,-3.2097522541838543,-0.00015326777110899692,3.3589286073847533,-0.5912556404384023,1.295079495033935e-16,-8.519769091608342e-15,-7.921397912613592e-15,-6.880889087679254e-15,1.353875778847824e-14,6.519741344024332e-15,6.3322556833472765e-15,-4.0917789989602937e-16,-2.7388064960474218e-15,8.779828535206147e-15,4.2879111719629215e-15,7.277056561505457e-15,1.7681304554165167e-16,-3.984551404101477e-15,-6.042258707261716e-16,-3.9408580565503115e-15,5.354657689471409e-15,-8.506650245321268e-16,-9.040077714184136e-15,3.560953615311391e-15,-5.723069587681984e-15,7.381248390281314e-16,-3.565290424001333e-15,3.0730626376929138e-15,1.1048453818496284e-14,-7.917494784792645e-15,-6.2891315419366656e-15,9.411633798694918e-15,3.838726211902177e-15,-9.846507290078854e-15,1.4181364416110398e-15,-7.90130967923651e-16,9.097540429325868e-16
-5.2479827111872,-30.643011272523744,-17.509650473072664,-22.858148617657342,-15.571259750584183,6.481575360775382,12.134141913678803,-0.9343087128905025,15.725888734946475,-6.611585771467278,-6.346267328791757,-21.62397639240196,-19.398296180611688,1.2703769463647456,-4.054301694971538,-12.130724300095283,4.652879123171054,10.610168772104304,1.3572076257678864,1.5652546511926866,-7.364869857801423,10.928231219373624,-15.962019168841188,-6.043348074356357,-10.497480244555447,-2.04438077486559,-0.3991891540815669,13.19992707468041,-7.6189912808583244,-2.0812657557545977,-0.9073854251728614,-11.751257233439906,9.67222638480209,10.679672241973206,-2.847719757218831,-5.2550026005746195,3.697825730218572,-4.444457976389479,4.4869294424465505,0.9582481676870046,4.327240683256274,-0.6458811963948328,-1.3401881630878318,-4.510972709671974,-2.1005864853467666,5.090821326399727,0.9073977952108877,-1.3923324299058848e-15,8.204374679632309e-15,-1.0599160438218291e-15,-1.529939369637745e-14,-7.66053886991358e-15,7.522411513138927e-15,5.775544972830282e-15,8.172282295326738e-15,-1.1111066493957322e-14,1.7811273289591867e-15,-5.187690554908642e-15,1.9680437834956876e-15,3.582298845582199e-15,1.8752360775309285e-15,6.158268339717665e-17,4.575333167888829e-17,-1.536964999715451e-15,3.554448402276478e-15,2.295906520455304e-15,-2.1111584702637742e-15,5.1534297662581e-15,-1.4246416546459528e-15,-8.105495441501631e-16,-1.1712419228926407e-14,-3.5197539327569416e-15,4.229255834431456e-15,-4.220582217051572e-15,1.9133999940024182e-15,4.430050076775771e-16,-1.0995544752478992e-14,2.2273849431542203e-15,-1.7275406365840906e-16,3.7838655819744105e-16
-15.6611853509443,-17.101553265887965,-1.304541279372378,-8.777214846338563,6.92421218215155,-2.8926792562880856,-20.008961245790196,-13.478164840970763,-9.99211190018027,4.387514434959084,15.16870698896897,2.0322719987298745,8.269390108010727,3.479068027081438,-13.728518686955454,-8.475066594182461,-10.468029545968315,4.2842222847666935,6.222914680328403,1.08082210921664,13.820671437493855,0.414475934157394,13.333883643377787,8.408738138862038,-2.53405397921037,1.2152805257183115,-3.772470801694105,1.0691589298088218,-13.726080472159019,-10.953642367491051,10.244157980575979,-9.335590797658856,13.071083144933262,-1.6432636742611213,-8.567448931232073,16.862808775430892,0.37870619519151705,-0.870530595985497,-7.460539903529961,-1.3771255770537094,0.3820349850769503,2.891825541872915,8.616583870999833,-3.35206872104728,-3.621115653649301,5.13570503720524,1.2964219578195357,-7.142940752769e-15,7.39425881635114e-16,-1.4137996329210978e-15,-4.684187066006373e-15,-9.916113069552424e-15,3.7409311759439845e-15,8.832344577935913e-15,9.720089316767044e-15,-2.946441376473763e-15,-6.342962179800571e-15,-1.2559397966072083e-15,6.032500887709347e-16,1.187336904143188e-15,5.8321403262340255e-15,-3.848917712323541e-15,4.182635141014579e-15,1.9871257417314325e-15,-9.301153597318645e-15,1.0412677664550785e-15,-7.195849818786293e-15,2.4080130250903053e-15,-3.2341750805242597e-15,-3.81682532801797e-15,-2.4431411754788357e-15,1.425075335514947e-15,1.1492543028346347e-15,-1.5469396597023177e-15,-7.19910242530375e-17,-3.323079658668071e-15,5.816527814950234e-15,5.381979584218044e-16,-1.3902656695145843e-15,6.256930737413846e-16
-20.16974769418829,11.85814576341336,4.722543552682269,0.2911814202972977,4.982489414546012,-7.914893216056674,-2.241190602580933,-12.468105696214305,7.612907613406172,6.405370011913759,5.638294258442302,0.2748737955291168,-3.2093317632153857,-1.1995626982953094,-7.500665976594568,-14.609969961958706,-5.719587165526231,3.3247172461359247,-1.0350764773064145,19.14611768977042,12.752421331218208,-11.330593875313097,-7.013785397287112,7.2590837199268075,-7.077323461346792,6.589993246302288,6.403245153349213,8.208495228886889,-0.06779150017330417,-1.4673534621726498,5.6378501016304865,-4.214371832729421,-18.09202458540415,-0.05050633595547924,3.046355108292607,-3.582069333440354,4.999473020912152,12.015546402472644,6.788545038569074,4.268053804704904,12.410166796711792,-5.365510008298848,-2.5032709901593098,8.02500446238484,-5.495580611175858,-11.681540578141053,-2.03058168047924,6.780383546289848e-15,-1.6471199404399783e-14,7.679620828149325e-15,-1.2745447058870596e-14,-1.4754690524920733e-14,-1.5838025335668249e-15,4.107825191113079e-15,1.2171036747887776e-14,1.453833798140125e-14,-7.0208595881471325e-15,-5.572799166575493e-15,-2.619866129593973e-15,2.777482020419053e-15,-4.0245584642661925e-15,-1.7867651802561113e-15,-2.8236961380212477e-15,2.2143745170843943e-15,1.2958384365546749e-15,1.9376861226660935e-15,3.441257695468991e-15,1.2086685818868403e-15,2.521420572332289e-15,4.5683942739849215e-15,7.486632841446905e-15,3.874504883594199e-15,-7.134917656692608e-15,-8.791578576250458e-15,2.4407559306993676e-15,3.0567996051056312e-15,-1.1272233146897292e-14,-2.166669621495032e-14,-2.9103645491843078e-15,2.0792829263927004e-15
-1.240660016310185,7.498327588738561,7.253054481260943,11.72217336898127,-11.142396978374846,4.523696818242423,-1.204773597882184,-4.243749633098205,-21.632794565142955,1.753660369380075,-26.28067027914637,9.453430520659282,7.19818518012017,-10.801150895623447,11.908354048745142,6.598701311488332,-6.116140818348439,5.799706732649442,1.451388204546929,2.086692508077651,1.5159855233030357,1.5878670256240002,-12.691024713821408,3.772581109202561,10.643590493041884,12.672985829671857,-3.9564134904332415,15.802446175772829,-9.002703154787564,-4.406886205253328,-9.665422304689594,-6.3864194880575775,-1.9484565562863538,-8.559197157928883,-17.439005727049075,1.358127243212383,-11.716667390103494,-4.5492959994110755,7.896123755962606,2.952039892170824,-0.9310134808225239,2.5730059535528964,-3.979474407018287,0.48560205501562376,-3.0756683815676733,-0.7903149604047459,1.8271901887346313,-4.158999533654395e-16,3.3328374782204406e-15,-2.512746954952405e-15,-3.993767122567604e-15,6.2727600891321345e-15,-8.044780119842443e-16,-1.026641879148249e-14,-1.0118858875807213e-15,-3.3460511921976077e-15,2.422703964527484e-15,4.0852737859253807e-16,-2.5478751053409354e-15,1.8161199540761563e-15,-1.4350499955018137e-15,-4.9660796308526045e-15,-8.745174723268079e-16,2.654126918244515e-16,-4.937023012629993e-15,-3.2552086026704785e-15,-2.9650761013133575e-15,-2.0174834025610267e-15,-1.265914456594075e-14,-6.790575046711211e-15,-6.049848122469115e-16,4.812122922359663e-15,-1.2732870313669764e-15,-3.036633444697401e-15,1.3062467774105357e-15,5.743886269393705e-15,4.681151299923414e-15,9.099925674105336e-15,-1.6137129610002687e-15,-1.3887545627366826e-15
41.66330352217246,-7.85161887061937,15.680392589096412,17.79698669628115,-16.56281364405588,11.029096646121141,-14.13781627446603,7.370288547301961,15.033159639182623,2.222632013344184,1.1624168484341582,9.727775934295684,-3.89703489509746,-14.366479728454438,-1.8858411551775756,0.5444088626374589,1.9781072156221398,-15.975353826588174,-10.59368064784302,-6.832260313064449,12.668672331737083,10.187348936205106,-11.526659216981617,6.981340627725579,-19.23157191927048,-3.819775077004758,4.400491193616248,-3.942453196108555,-1.1803374878677426,-18.255233988695135,-2.266886498013856,8.523940451780518,-5.442191104868997,-0.03130325565363531,0.31654583895776184,4.433481195374171,1.1253633771892009,-2.0195547568210346,6.1574682939615535,-9.423364214707606,0.3448121502509868,5.255004604804422,3.650564470811005,0.11855081961839418,1.1988972887762772,0.8183299929934515,1.6808728341161794,-1.3611507754252017e-14,-4.763550665032312e-15,-9.686695889854491e-15,-8.847089727481716e-17,-7.894726539170449e-15,7.537373503119227e-15,7.007415481208312e-15,8.180955912706622e-15,-3.007620194561689e-14,-1.923504758249983e-14,-5.207639874882375e-15,-7.199102425303749e-16,2.196810441890129e-15,-5.3550913703404035e-15,-6.349087922075114e-16,3.1285737889241716e-15,5.3186621773448906e-15,2.7373936450914016e-15,-2.744332538995309e-15,6.645725636467148e-15,1.1606167416022828e-14,2.723515857283587e-16,-8.465450562766819e-16,7.919012667834124e-16,-3.604755383079805e-15,1.3877787807814457e-16,1.7486012637846216e-15,3.642919299551295e-15,1.6844164951734797e-15,5.7696902810988604e-15,8.560860353945543e-15,-7.732800944709739e-15,-4.189357194483989e-16
17.338694644293767,4.646589883686206,19.51370741796084,13.698300366993411,-7.905851957974121,5.636040002756076,-27.926298537068277,8.736016199723894,-1.2060492136177796,-7.869183966909871,10.119040119613361,6.719646506890605,1.3176879563429649,-13.411972085922308,-5.388896387387742,-13.708247506765742,-9.059992458299822,0.09994011204950139,4.670672001509659,11.051229086718559,-22.46222851672949,10.945931512380294,-1.1291636954823028,-12.12581806036427,-0.37669838602457867,3.6846831533911284,9.633310303913543,-11.435933507642323,1.4007478896758938,12.302099993175489,2.960953878092553,-15.621241361006494,-0.3944313683473236,-11.58931001388446,1.4595096515811647,-1.2024907787486314,-2.258468710249989,0.8218188366355659,1.5006198997692068,-0.41888476646965334,-0.8295222518575357,-8.821507647172684,2.1481401379395604,-5.214293000898902,1.1580229467126042,0.21193024067253946,2.8279544793222127,-1.8073216534464365e-14,-1.2597561882543573e-14,-4.6074255521944e-15,-1.2628786905111156e-15,-1.2764095336237347e-14,5.642188105614565e-15,-1.4719128693663208e-15,-2.3281723771084728e-14,1.060674985342569e-15,-6.915908817850536e-15,4.917941054394248e-15,-3.1676050671336498e-15,-3.2591117304914263e-16,2.7651492207070305e-15,-4.385380947269368e-15,-1.801510329801914e-15,2.078198724220215e-15,-1.6653345369377348e-15,8.128914208427318e-15,7.233796894823286e-16,1.4346163146328195e-15,-4.990799440385274e-15,-4.310787837802366e-15,-1.5213524884316598e-15,-1.5057399771478686e-15,-2.4702462297909733e-15,3.2682190287403046e-15,-1.0460382560140147e-14,8.396061623727746e-16,6.7758298971654085e-15,2.033095913844818e-15,1.179069862577986e-16,-1.7780915628762273e-16
14.92079569777652,-7.9713686436374855,-13.015620279340455,31.58934190086117,-7.826893711203021,1.2697379358406802,-1.396171303617973,-1.58315956181959,0.7430078169349568,35.050543344424796,-9.816466374597306,15.016966114115595,-21.16896847590067,2.759791792378039,-7.213910426588913,10.635876854227583,-13.24704105788277,13.806227279379167,-5.92396574694083,-9.730449486187858,7.129001909445308,-7.860043770027473,10.581705862193242,-13.807169302233877,-5.9052031072868845,-11.760037295578087,4.881979296685366,4.486686021634875,3.0238272452195067,6.586023015046981,-2.887214099192047,-4.717863509635052,5.773718199698272,0.7529105020477883,-0.3634766047571378,0.9790857114453129,3.4005229784110362,0.16808647350414993,-1.316644622718335,5.374233927692912,-0.9999405059509731,-6.5031310735661725,-4.092995785384858,0.8287437048797123,1.528843978520759,-1.5129715360630602,0.3452566398908991,7.003946034256359e-16,-5.342948306008566e-16,-4.9960036108132044e-15,-7.60069090999238e-15,2.540502530568034e-15,-4.407498671588073e-15,6.570698846131151e-15,-8.662558517724683e-15,-1.4142062087357798e-15,-1.567572027044717e-14,3.548376870110559e-15,-2.2967738821932926e-15,-1.9126681575359905e-15,-6.3308733255773575e-15,1.919471526168337e-15,-3.6680727899529586e-15,-2.185751579730777e-16,-5.218915577476224e-15,-7.858297346174936e-16,2.5821358939914774e-15,-1.846613140177311e-15,-5.26488574958961e-16,-1.3704315460216776e-15,-1.2455314557513475e-15,-1.429412144204889e-15,7.670947210769441e-15,-6.562458909620261e-15,-2.6038199374411874e-15,-2.5131806358213993e-15,9.351894258990967e-15,-4.779163176316104e-16,-1.076626309805262e-15,1.164866814118426e-15
-12.689062334775944,-24.99308104005045,7.001186426021628,11.93125688262191,15.309962960370061,11.523571959000442,-3.2827902797099715,5.142088238489591,4.180427900701373,1.4663881058336257,8.783114462332504,-9.221872367242048,11.037751408501295,-4.615777937253541,-11.829774893200314,19.73900559904226,0.7498741082006369,13.56431926516237,9.187729768300523,-1.835957651675285,-8.626707148290347,-0.23083512133790055,3.502552857681639,7.87268029470923,5.675211122111486,-1.2865264767279754,0.43010624802302894,7.624436143781487,3.7476293385886437,-4.891058409578263,-5.0405560683307105,7.85562171070424,1.7620137043968578,1.7504179841015426,-5.1657284287314,-13.830245264044231,3.7736064144272783,3.145258995209557,6.674373058971595,-13.264192462956714,-1.7730818853982966,-12.384912846921702,12.53777517559048,6.20498865627482,-1.9934990144348097,-2.7844348249193738,8.517470038013194,2.5508024512066463e-15,9.943434964299058e-15,-2.5066754227864863e-16,4.578368933971788e-15,1.5845614750875647e-15,-1.6798628460490406e-15,-4.014421173953453e-15,-1.0089422786824231e-14,-2.6093561447844416e-15,-8.74937600668646e-15,1.6203401467795864e-15,4.810496619100935e-15,1.388429302084937e-15,-1.481995949570436e-15,1.4645402945934194e-15,2.4866718927041287e-15,-5.378401717048842e-15,7.999243628598052e-16,-2.5008207310550645e-15,-4.690800699258535e-16,2.284251347101085e-15,-4.771573761108705e-15,4.380393617275935e-15,-6.818439042544089e-15,-1.205632815803881e-15,-4.414871246360974e-15,-5.9806760238645396e-15,1.6605640473787986e-15,6.4328967500082435e-15,-4.335724487769532e-15,-9.994609306840374e-15,4.492239235763182e-16,-3.1794228708137418e-16
-19.84560689137764,-20.938980369039545,10.963809960340354,20.214939623058644,13.186978013488499,23.706510807268423,1.7041706824474585,5.686572050475094,1.1721781753614124,-0.7301867186073323,11.67158231260719,-7.474371173959602,8.637838183397172,-13.453056940575177,-17.3101749651682,11.93059670561921,3.2816229039720684,8.31256289859796,7.08199834561631,3.212011411382178,-7.95699978755883,-7.066075090645667,-8.64906320538355,6.249798781883755,-0.9534265887109972,-6.8187439719051435,-5.741776711795919,-1.9363730980142626,2.942581160278678,-3.882666216350269,-5.896560780819698,-2.57595820208368,-3.0863512308963164,1.1997131803612278,9.247667203791375,8.620377672236105,-5.452436129567452,0.06978968461552082,-5.4127735284159835,7.84780892173039,1.8837690658474961,10.233503903732867,-17.98542827530689,-5.0755023335682115,3.545169632484147,-0.32872281845570084,-7.379821099611933,8.935994305625528e-16,6.153497850158729e-15,-1.1782241848834474e-14,4.008512272113407e-15,-7.534337737036267e-15,-1.0273249265169149e-14,7.284645976712856e-15,-8.054537939394812e-15,-4.786969431957999e-15,6.485697395808288e-16,1.0356299151581538e-15,2.586039021812425e-15,2.082752373344654e-16,-3.1220685758892586e-15,-9.226560487851643e-15,2.175885339961159e-15,-2.0304938286308527e-15,3.0019389751778647e-15,2.8514517136368767e-15,5.156465532341059e-15,-4.8136408054011426e-15,4.228388472693467e-17,9.289444213855802e-15,3.7493879528893714e-15,-3.469446951953614e-16,4.088743232877334e-15,9.423017921506016e-15,4.662069341687669e-16,-3.935653886122381e-15,9.731798700229888e-16,-1.9717734389690378e-14,-7.095493355195603e-16,2.3418766925686896e-15
-31.72054956730135,-32.7079866263236,12.743310757174822,14.025964855921282,13.661714407742387,46.51359503103204,7.92379288529092,-28.8897653145917,-18.080936506016922,-15.401556967000566,0.31067815598043075,5.817649590791854,-11.781113171427087,4.987700495003245,18.247807631055338,-6.347112824596,-0.2573786219811819,-12.476003572532248,-7.0564953627877305,4.280461765378858,6.259387236590671,5.598850353907821,6.2405665131327135,-5.180742458050816,-5.229927130021172,-1.2686003289912402,1.9361399349854305,-0.19426116502578333,4.264409470586134,6.886230121772681,-0.4202030557298056,3.720224326360703,2.3227538807089387,-0.33849428421130884,1.5189222355116896,-3.3636748144707984,-0.6035302436783853,3.9253750682435777,-1.41261391030327,-0.7977664906370928,-1.6515771104572639,-0.3087300981925153,1.7217610814796838,3.073065034433015,1.268525878231907,0.35865483449951124,-0.2936148355360152,-3.92828131134948e-15,2.223221606811876e-14,4.683753385137379e-16,-2.435551760271437e-15,-3.74873743158588e-15,-2.3635607360183997e-15,2.226517581416232e-15,-1.5720064139301826e-14,-1.6003745637732658e-14,4.443060502845597e-16,7.282369152150636e-15,-5.780098621954721e-15,-9.230897296541585e-16,-1.9671764217576992e-15,6.890321646579878e-15,-4.459106694998383e-15,1.609823385706477e-15,3.209238430557093e-15,-2.3678975447083417e-15,5.0133508455729725e-16,3.045307062077285e-15,-2.789435349370706e-15,1.3704315460216776e-16,1.9957993591113166e-15,-1.1483869410966463e-15,-3.3063829452117943e-15,-1.3253287356462806e-15,4.128641872824801e-15,7.855695260960971e-15,-1.2857770403940094e-14,7.637987464725882e-15,-2.644314888583521e-15,-1.113258790708116e-15
-3.2561716188445753,19.575117231069665,-17.650955297196575,10.798948526123802,-1.440743706476591,-3.101602648653244,-18.421289462254595,-2.683484485915457,-5.142601801745389,-5.957676778667407,0.22605730911177124,-0.39936848807030134,-5.217928637507931,5.365222081411685,2.6883618617794305,-3.0153287003555147,-1.7399331002729173,15.004968361741161,0.3460675628671184,-2.38516804549296,0.42431910807826434,0.299309185807082,10.307133245773793,-4.001473021137692,-0.8256435026581098,0.5766608407574874,-5.321251157804857,-2.044565971061471,7.487541276705509,-9.066051098584987,0.6266294212285288,3.7136701871693387,-7.091577999038148,-6.744027778533744,-0.2099349676683945,-20.67387298078264,1.128126207205108,8.70423999288281,-0.195285520178438,-2.8654172725103493,8.737602170985799,17.139713296996714,-1.7601220754185345,-8.570079027398867,-3.829068734218316,15.568771027226738,0.9968370909731536,9.008852691616553e-15,-1.240327285323417e-15,-3.157196726277789e-16,-7.327471962526033e-15,-2.5153490401663703e-15,1.5952083404213724e-14,-4.978656376053436e-15,8.459812711469894e-15,-1.432935801265467e-15,-2.7333604130097555e-14,1.9593701661158036e-15,4.408799714195055e-15,-2.7347644548231242e-15,3.606490106555782e-15,6.212044767472946e-15,4.272190240461882e-15,2.931682674400804e-16,-5.048045315092509e-15,2.1545265571631944e-15,-3.829402073218802e-15,-2.671907833873277e-15,1.1509890263106115e-15,3.975986206938842e-15,-6.067195357228883e-16,-3.58567342484406e-15,-7.719519468096792e-15,-3.776493007201509e-15,1.0271297701258675e-14,-4.670742959067553e-16,-2.067790383364354e-15,2.0714333026639054e-14,1.4779572964779275e-15,2.0990154059319366e-15
-19.42888998673492,9.6554862381255,-2.015165418673612,-8.7443949750688,-7.652636985206308,-7.593006661784937,0.4383815223798747,1.7425729725709898,-16.358344875797265,-4.194689594294466,-12.279124407147176,5.91396497147351,-8.351039209649763,-7.327463288368616,13.043451989951137,7.587017466656048,22.322877620132473,23.584091950502895,-5.3998210586583015,8.525379082581587,4.270848204201999,10.602717352436624,1.0884951053422505,15.075148234447498,-0.03631986124118987,-10.626787689775027,1.2412575156519545,-20.240276711662673,-0.0462406879138996,-5.479321671917255,0.1853799113014603,-2.366566007660202,-0.33659173677481274,-0.9507800426603227,0.867788309249131,6.166254191882039,9.303644779450089,0.8240677786629,-1.1164008549455002,-1.3033324652252274,3.456149968071157,-11.828533157282003,-0.7168508416310848,-3.6655907123362828,3.2710792127195463,-1.3483601382166464,-2.9639063393814347,7.891148672001247e-15,-7.450637329320386e-15,1.487525380650112e-15,-4.5625395822535e-15,9.066098566323788e-15,-7.364009575738795e-15,4.457263551305157e-15,1.928535456330316e-14,-1.1615410239543267e-14,-9.697646331796594e-16,-1.5933435126846973e-15,-4.7446855472310645e-15,-4.723895970573655e-15,-3.0891088298456992e-15,3.919607693969596e-15,3.417622088108807e-15,-1.3157877565284082e-15,6.9176435413265125e-15,3.3154902434606726e-15,-6.437125138480937e-15,-9.746977530644685e-17,7.732529894166618e-16,-3.1545946410638237e-15,4.469623456071492e-15,3.673276960380889e-15,-6.357761539454998e-15,-7.75551498022331e-15,1.6978606021123e-15,-1.3330916232012768e-14,7.982330074707278e-15,7.974090138196388e-15,1.7625739192825285e-16,1.2752385952774503e-15
11.720601767437914,18.77427489425311,-0.7234072297367485,-1.7049985838650348,-3.776839732523449,0.9729740482647824,-16.906646720532052,-11.287663920209592,2.7784792645834373,-13.965911171917899,-10.223747951383446,2.2723242175333866,-13.08111809525293,-2.1241049627593864,-12.98362390924436,-8.784155295798966,-0.34669463858782146,9.202827618190689,13.108263774442092,-7.998388093939614,9.911866129830004,5.0001666065598975,-7.2734796646782565,3.157466600443765,7.078117681680845,9.291213361664738,-12.310483533304469,2.4269104831019876,27.082120828131103,6.9998404484315815,0.9482472148073776,5.96439443517241,0.5012253019998142,11.736784188366789,3.8593322960318854,9.529257657918183,-8.681118067488747,-3.300090713402928,-4.323553738315324,-0.965256569847366,-1.4853115425325594,-4.0018379337909495,3.2935155384037187,5.887541087420741,2.6173116979907816,1.3560919532972076,1.2632820570176049,-9.945928629295775e-15,-4.0470014492366424e-15,-9.53338970266504e-15,4.961309141293668e-15,-6.357436278803252e-15,6.149161041468787e-15,3.854474248457529e-15,-1.582002757960499e-14,-6.622151015479166e-15,1.3147523434536845e-14,1.2218958483911635e-16,1.0050554138940626e-15,5.196974036010549e-15,4.898425415289509e-16,-1.635627397411632e-15,1.1791240726866103e-15,-4.946130310878871e-15,9.063930161978817e-17,3.812271678893531e-15,1.3786714825325674e-15,3.730956515957118e-15,3.811512737372791e-15,-4.730374078554256e-15,1.067814456648386e-14,2.8618600544927375e-15,-1.104585173328232e-15,-3.0849888615902543e-15,8.148863528401051e-16,-8.718882820585305e-15,-6.175615574477433e-16,9.274265383441005e-16,-1.9448147519501857e-15,-1.115644035487584e-15
-15.872045362528242,14.089868666213151,5.530788494969628,-6.746198036205989,-9.562498398518192,-7.566217366386904,-12.278637937382149,5.876172861356734,6.871103417819027,-8.758449520872729,-6.321308588690244,1.1133803429491496,-10.964770179383356,-0.06716475672454847,0.10777301362999056,17.942934957603214,0.32926559749135614,-7.099021621865664,3.7741518491248023,17.11082633893957,-14.40646401235367,-3.791093340861371,6.291660813496261,1.8729842017347387,-16.428069236123772,1.4569092372506076,-0.7900954745256048,5.361716295570935,2.525070420142212,5.576462623932431,13.41438099119399,21.078025319971104,15.699902020367183,-4.0971309847821695,-10.986970721670227,4.227000900642016,0.4187380971789709,1.555175678658592,3.081357648312884,7.8333429627399624,2.0921466493551923,4.823131328821043,-2.9459833437687477,2.193976467047522,-0.8780098065494008,-3.4781252639855706,-0.5586844592812673,4.937456693498987e-15,-4.7123763224909965e-15,9.081277396738585e-15,-2.2811613709095013e-16,-2.992397996059992e-16,4.6954627686002226e-15,-3.0147325608131936e-15,-9.031404096804252e-15,9.055581805250679e-15,-1.0086441230849896e-14,5.5120838449163045e-15,-2.319325287380991e-15,-1.6821396706112601e-16,-4.8737056057568395e-15,-6.782768791069316e-16,7.090682208055199e-16,-8.326672684688674e-17,1.8544193958192068e-15,3.020153571675621e-15,1.566888979676051e-15,-4.9745364077979914e-15,-7.654467337747661e-15,3.191891195797325e-16,-7.293211173875491e-15,-3.3219954564955856e-15,4.8867160318266656e-15,2.6688720677903177e-15,-1.2365108936762681e-14,2.437286483747414e-16,1.0397932515004982e-14,-1.6873655250826403e-14,-1.2565361078020754e-15,1.0046217330250684e-15
-24.467350022180383,-18.934039765903574,-18.038481229024395,-2.868714803411166,-16.845212703212706,-14.620634554599324,5.521075151431236,4.644649248866238,-5.792145473915184,1.3711991308965326,16.98692012737959,17.255064455083982,-9.703023624080583,7.1530826617826,-15.419174064490663,19.25523093206829,-4.345226167546979,-7.603146469590314,-16.477258217692192,10.958391496727433,2.7469198787508327,10.815199086207434,-1.4689429700340035,2.4608553035817495,6.815059997642514,19.06741093937974,-9.029176065778483,-6.431460684555676,-7.026480088468944,11.874800915234808,-4.41139361211777,-0.4962420380254752,-5.444864513260621,7.122115786200855,7.832136080245962,-2.331788479194286,-1.7936980878495672,-4.7065129131973995,4.4413366185789025,-5.1464136366293705,-0.6869259521701301,3.0769582907706416,0.43158527511140704,-0.5986174013186895,-1.1317375474661828,3.7495183787201056,-0.7568952745485734,1.0539746159166086e-14,1.764734192111206e-14,-5.230191280070073e-15,-9.81246334186281e-15,1.0004150285958247e-14,-1.4983674023749671e-15,-4.655780969087253e-15,7.955441860829637e-15,-3.3497781371655266e-15,8.225841882647522e-15,-1.794571435898007e-15,4.764418026770301e-15,4.705708479130211e-16,-1.5447712553573467e-15,2.6775456851702018e-15,-3.583071339630095e-15,5.419276138951545e-15,-8.370040771588094e-16,-2.9542340795885025e-15,-2.1315414711065017e-15,-3.944761184371259e-15,8.701372955499664e-15,9.809861256648844e-16,5.2713909626245226e-15,-1.8578888427711604e-15,-7.599823548254392e-15,1.19522447494802e-15,-7.920747391310101e-15,-7.485765479708917e-15,1.0906206493466186e-14,4.49293380277993e-16,-1.5678241040498198e-15,2.949029909160572e-17
-52.708941983526984,7.7143028807035945,21.914955608988674,32.19290279311109,-2.5757967343427213,-31.930918596750114,-2.9752533786689503,-18.85828707998582,36.001793230300066,5.896134810720902,6.691309792023128,-2.0329441279738694,0.7951817061378202,-2.201197444860991,17.12658443215659,3.895195501194637,6.004452798171154,-11.682804384422749,5.731069515993213,-4.89784478471262,3.5293654069883806,10.750364649214122,-1.08579109586367,0.7930541495632286,11.695010619173171,-6.352456809866661,0.48138775951418045,4.1610075127774,2.4039460274267883,-0.43460409137959727,-0.32487364533441254,-6.732993266019238,5.383952606987356,-1.238560110131805,1.4382381669964037,-1.2470509957634826,-2.333439705751532,-1.6413512590720563,-1.3489124243456585,-0.022901539436270324,-0.9682062143264002,-0.41751093636460507,-1.4704961207433713,-3.2507104198343453,0.32809873392805444,2.034346012437802,-0.34065531600875776,2.3738389726135622e-14,-2.8171909249863347e-15,-5.901529265273098e-15,-2.1328425137134843e-15,8.935560624756533e-15,6.800116025829084e-15,-9.466386008405436e-15,-6.682154829462661e-15,2.9652766787152673e-14,-1.7117167058766647e-14,2.908263907475117e-15,2.2811613709095013e-15,2.315178214071234e-15,4.939625097843958e-15,-2.2239154962022667e-15,1.2880321809127793e-16,-1.3773704399255848e-15,9.97465998686664e-16,2.931682674400804e-16,2.441623292437356e-15,5.3186621773448906e-15,4.185020385794047e-15,1.345278055620014e-15,-1.184382453223165e-15,7.258083023486961e-15,-3.642919299551295e-16,2.022687572988957e-15,2.8466812240779404e-15,-5.798313218452478e-16,-3.576999807464176e-15,7.255480938272996e-15,-3.585646319789748e-15,-1.6436504934880247e-16
13.975986458490988,-20.860214031778117,38.60631175052648,-8.578453363952164,-18.172272623571143,-4.07600553827547,-5.095426751320936,19.528010110038643,-9.287987763360544,0.2835286821248293,14.333524059454302,1.049527768357806,-4.116559029897343,5.2192998590422786,10.349166546295326,-9.066260960653857,2.252135311246197,0.5447999061042238,17.117503058385665,5.481300589478113,13.659097316169877,-9.67752064531957,6.076894026005014,-6.448801608352074,13.991939405460919,8.108359155592025,9.074313195686235,0.8607654464774603,-1.149681437417389,-5.3623182765888995,-12.071556506481148,10.93638407941431,8.54215539100922,4.461826427764369,6.31056573045112,-3.114374249854733,8.415597565433494,-7.344823970231697,4.340754187577954,6.879276477045968,5.581747118192494,-1.0309724691458688,-4.799543939405551,-0.9250650816386465,2.9717597128287867,1.7967649488403097,0.2049271209678608,-1.673032372362382e-14,1.8236280541206185e-15,-5.4218782241655106e-15,4.3021142204224816e-16,-1.5421691701433815e-15,-5.215012449655276e-16,-7.291259609965017e-15,8.309217029711657e-15,5.365635236467825e-15,1.5808426616359395e-14,2.4730651554394356e-15,-9.150666335777657e-16,-3.44305340531717e-15,3.8827448201050885e-15,3.2122741966400525e-15,3.97013151520742e-15,-2.52358897667726e-15,-1.1014626710714737e-14,-4.4005597776841654e-15,4.244868345715247e-15,-1.5607090272928836e-15,-3.55878521096642e-15,4.812990284097651e-15,1.7613948494199505e-15,-1.4259426972529354e-15,-1.8240617349896127e-15,-1.0330278299441886e-14,1.081166406402545e-15,-1.2702837913491916e-14,1.3747683547116196e-15,4.3125225612783424e-15,9.299202033408172e-16,-1.2761059570154387e-16
-30.898902087181177,-25.32713476183574,19.937153816317267,2.568477218141766,-5.536579367636309,-11.100006661154971,-2.573330553085521,14.408471116203001,-13.937147020698633,6.624575556631362,-8.8817215126046,-4.010638524049395,-1.7431118734353845,28.497371622055077,5.902772801908373,0.6650948102639004,-8.63166493087672,-5.762685913036788,3.493850567721978,-15.120549202583987,-10.472378508845026,-13.262413354279678,-16.12157231463362,4.957021488957034,-7.7388976994809076,4.9246622979238355,4.013901856279215,-13.247752204189311,12.617720420297854,-5.321921893492593,10.970186217657908,-7.7929442034639,-5.941307264390564,1.5012160177600684,-6.002766874315205,0.003647834102615938,1.7301610659454574,-3.0531583680756444,-2.0685624559081353,-4.8876847328702695,-2.5368007707226035,1.1318216460807977,-0.2102550107952297,0.8681364604321982,-1.883040039830041,-0.6284816283881934,-1.000862270955589,6.78244353041757e-15,2.9266953444073707e-15,4.954587087824258e-15,-5.598277917628902e-15,1.2281300108829551e-15,-4.785912334839826e-15,3.0020473953951132e-15,1.608899103354433e-14,7.7966096306923e-15,-3.3966292235440565e-15,7.43762690325056e-17,-1.1460559064258025e-15,-5.516984777549118e-15,2.9493009597036934e-15,7.331375090346981e-16,-1.422310619975109e-15,-1.391573488385145e-15,-7.507015842289633e-15,-3.1647861414851874e-15,7.896786523298172e-16,3.447762908503904e-16,-1.5713342085832416e-15,-3.277326326989183e-15,-2.8558969425440672e-15,-1.0599052018001043e-14,3.0548480411951573e-15,-1.0256552551712872e-16,-6.415549515248475e-15,3.4224467877763676e-15,-9.109032972354214e-15,1.1243068108457432e-14,-3.192004698212257e-15,-2.362612059117475e-15
30.411365678225184,-18.76048475077301,30.001060477176186,-11.312939494019272,-25.695669902310915,11.62281310906497,-10.224110105192226,2.8647595482636237,9.080415559625276,16.854404399445645,-5.02051895521491,-12.314382811817165,15.313646126534037,-1.1607327024289436,7.080742284454373,-2.9015345000815707,11.487314908766939,2.6447438916218893,-9.459918973539478,-2.4016043305338024,4.056976671152574,-0.6530359165916725,11.161692390054833,12.346525698609941,1.6554845137054344,0.024514236828669506,-17.45763813308904,-0.3017216521541012,-2.3537395623566617,18.396629740513497,10.464995586883132,-6.539352872720394,-2.0021006594461936,3.0556194461286834,-3.2510890192872863,-8.994945136478462,-0.48305499846756844,5.211065931323679,-4.306159544317921,1.7529775748786716,-1.3053386716339745,5.060585500102953,-1.6956334296501159,5.593048200027338,2.4695246158045654,-1.9247477624407188,-1.220360489405845,-1.7756629500098597e-14,-2.9438257387326416e-15,1.3992279557228926e-14,1.987993103469421e-15,1.0016293350290084e-14,5.122638424559511e-15,-5.178149575790769e-15,-2.3015443717522288e-14,1.0726391563159465e-14,1.6727071117106362e-15,-3.469446951953614e-17,2.229119666630197e-15,-4.953394465434524e-15,-2.5934115965853266e-15,4.088743232877334e-15,-1.3704315460216776e-16,2.8466812240779404e-15,-6.1547988927657116e-15,5.280498260873401e-15,1.676610239531584e-15,2.505808061048498e-15,6.022959908591474e-15,3.382710778154774e-16,1.2177758801357186e-15,4.44436154545258e-15,3.247402347028583e-15,1.8006429680639258e-15,-1.3418086086680603e-14,-2.620299810462967e-15,-1.0314665788158095e-14,-6.116634976294222e-15,-1.179855909153038e-15,-9.575673587391975e-16
-18.5180690122448,45.09779906700429,1.117676687547353,-16.783289787622866,8.16381908437378,24.295414241645993,11.729669284134877,14.653149689559111,8.822817184100211,15.22105704245982,5.628029508826154,7.048724769564292,-5.652547643155183,5.510924947449456,-2.9893682993467245,-8.42374939254134,2.0725523206677443,-13.04965227739229,3.1364737549914206,5.479813243799293,-3.597417545411108,-1.5317850468664478,13.605703868057663,14.21991940309271,-8.724226299482181,0.16721249650126585,-6.424895560238923,3.218237346333521,8.437669358641108,-1.5828486997833,-14.546945011181808,-8.405241326495064,-3.34881275650567,-2.0896119082988265,-8.128974740521459,-4.073778987537541,2.045221113282457,-16.471658293602953,-3.0661498986579807,-0.6305226404453362,-1.3055576032502239,-4.5376979983269825,-0.4903754417611533,-3.4893387554910236,-1.2742765156524882,3.1050438066988133,0.02092826043739785,7.342217112071836e-15,-1.986258379993444e-14,-4.961309141293668e-15,-8.13325101711726e-15,-9.625980568195303e-15,-5.945331033041512e-15,-1.6237011735142914e-15,6.765421556309548e-15,-9.766981060727042e-15,2.209235398786813e-14,2.766016582445019e-15,-3.9517000782751666e-15,-1.9149720871525222e-16,4.337676051680006e-15,3.1762786845135338e-15,2.7517051137682103e-15,1.250735626179278e-15,-2.024422296464934e-15,8.673617379884035e-16,-2.5786664470395237e-15,1.0820337681405334e-15,3.604755383079805e-15,9.669348655094723e-15,-1.0555792351318871e-15,-2.3626933742804113e-15,3.3965885659625883e-15,1.8769708010069053e-15,-3.2213814948889308e-15,-7.546047120499111e-16,4.560588018343026e-15,1.0644263248593688e-14,1.2392701882052437e-15,4.909267437014364e-16
-20.685832549364548,29.290528497868284,-18.203554805463824,-3.2967196406808768,-7.408918769316925,21.767436891871586,5.268264812551992,17.56575121712458,-2.6692178064904892,18.182950794034554,6.043420112988942,7.287811407400472,0.8192757557689105,-1.0724568785895614,6.578979210646761,0.6855636659048694,11.651161726348166,4.852211842960269,6.270025912907412,-2.7649162838849364,-3.659656719680812,7.399330327717234,-2.728395881524397,-0.9830374600231329,4.493029367148457,6.910231804809534,19.199123579942704,3.817595110602184,-4.03449956508729,-6.536137236585772,12.642894506760761,-3.2718793484269875,4.026549114898461,7.7132048280415875,11.207903277142993,-0.8940494488285765,-10.421919207235142,6.547205060115952,-3.033955423369952,4.857304246773639,-5.645241168612562,9.429676555703047,9.081384299844933,10.18312659779055,3.057397767996795,-0.6299897239368147,0.8253945939872291,1.277949100708664e-14,-9.308092491222553e-15,1.2533377113932431e-16,-4.767670633287757e-15,6.59021448523589e-15,-6.539148562911823e-15,1.3030646440342908e-14,-1.2944289737304437e-15,-7.129984536807799e-17,7.649046326885234e-15,-2.1096405872222945e-15,2.344695618217152e-15,2.9703751394313804e-16,-2.56847494661816e-15,1.081166406402545e-15,-3.712633499242113e-15,-7.1579027427493e-16,1.386477738174463e-15,-8.83104353532893e-15,5.331022082111225e-16,7.139471305817047e-16,6.509549843602969e-16,9.05395550199195e-15,4.876199270753556e-15,-7.031267929002993e-15,3.957337929572091e-15,-3.3436794999452957e-16,1.3743346738426254e-15,-2.1362035404481894e-15,8.226926084820008e-15,-1.7132562729615941e-15,1.1856089569307893e-15,-4.928783076119103e-16
-17.156033914913685,26.4976864106969,-21.63246509690838,7.039170898532271,-7.610598842519471,25.91197127175623,3.837743842672948,14.096259512274635,6.913026981639236,1.843096096737178,1.3316086174910509,-7.1203736386903405,8.682085535171122,8.040114771334105,-2.6629854537006032,-0.6865958786668525,-3.419809709340687,-7.441562716188825,9.409853043203624,-15.929619429891378,10.540618012849183,6.945870433133757,-11.900122227692275,-8.694921790473117,6.873815216827962,3.0633500728404526,-7.724389113175034,-10.141582008739897,-11.677119533748925,10.028614187946165,0.7864064643683576,10.583808121792309,2.093979614785862,-4.962555793605661,-7.5515178449406335,5.0352419596787925,9.073952890820578,11.499866471548106,-1.6273245761157435,-1.6588109152014054,9.569852966370831,-7.443732467827414,-4.508127841331155,-5.2857868543144,-4.177621507749699,-2.302388726868877,0.45009012158692,1.2996006180931996e-14,-4.671176639936547e-15,1.331812264637744e-14,-9.411959059346664e-15,-5.048045315092509e-16,2.8762799433867947e-15,-9.465816802264881e-15,-7.605352979334068e-15,-3.654333915548494e-15,-4.259328892190772e-15,-6.500876226223085e-16,-4.487079111048509e-15,-1.1667438391295415e-15,-3.1961195842700185e-15,-1.6084139228822458e-15,-5.8254724828732396e-15,5.6464164940872585e-15,-2.019543386688749e-15,-9.86623976961809e-17,-3.264532741353854e-16,6.166399856011306e-17,-5.945439453258761e-15,-5.855125412290718e-15,-1.2992536733980042e-15,6.121622306287655e-15,3.622969979577562e-15,-2.4878103049852385e-15,3.9898639947466563e-16,-1.2857824614048718e-14,-3.1732429184305744e-15,-1.9041842755362914e-15,-8.648579085963198e-16,-6.053100728986571e-16
34.3299710651211,8.519638901808179,9.374488551254597,17.691768775215856,12.729124201416067,-11.067831338266519,15.474014100614019,-10.005739629956437,-6.459715189120394,7.134906523388586,1.2459771288689705,-18.95665476366791,-10.739021381900812,8.308638815767722,-4.593547544696593,2.183738198349595,11.836698982540213,-5.58123941979965,9.543024084131932,5.954033166169431,-1.785851465893278,-0.32234385031670687,-0.9224725797442669,6.650124409681531,-4.437877301985949,6.429323468257276,6.641252719346828,-2.0852686266746825,-9.384998401570423,5.41009061606216,-1.6483265798021962,3.220720794112232,-9.431196258396355,-1.803950171538589,-3.202414919666515,7.241936190224826,0.10879657461302493,9.003582186006753,-0.6741658161942025,3.5885991559708406,-10.33246238440583,-5.047807888114161,-4.434990097298681,4.463407791383183,1.973596248896003,19.624015272424106,8.025700170288264,-8.013988778143855e-15,-1.9316145905001747e-15,-1.8637869025894815e-14,1.908195823574488e-15,1.2611439670351388e-14,8.525732203557013e-15,-1.6026676513680727e-15,-5.064308347679791e-15,-2.449321127862003e-15,-1.608934339925039e-14,2.444225377651321e-15,7.679620828149325e-15,3.4107645093678363e-15,1.446325698095663e-14,-6.96491475604688e-16,-3.3046482217358175e-16,1.493596912816031e-15,1.1214987272190058e-15,-7.476658181460039e-15,-2.7634144972310537e-15,-4.726904631602302e-15,-3.200564813177209e-15,-3.21097315403307e-15,-5.954004650421396e-15,-1.0682427165065178e-14,7.355227538141662e-15,-7.200837148779726e-15,4.459106694998383e-15,-1.6800796864835377e-15,-4.747938153748521e-15,-2.5422372540440108e-15,-9.167200418908061e-16,-4.0722633598555547e-16
37.43039351950531,12.818172878104706,2.4448729404773957,7.22115848656763,8.569182122668238,-10.321855989114502,4.088138828197264,-6.293737421359288,-12.104993760827856,-0.018025911533548173,12.377270920028002,-8.560437247758102,-3.306399032841107,1.7998258546058539,1.611119892130141,3.510553049064159,2.3240141450474763,-1.6638770654719084,-0.6395241253411031,-3.54938328283255,0.42526224769492627,9.062224568012878,1.6708406919103276,2.4930862452975004,-4.545219772537419,13.489018629397782,4.810604919665365,4.0743048222648515,3.4098892276658628,-4.151813522943794,-3.72800777066276,-0.7022033539010604,7.378513586835138,8.458102150126777,-4.925013308002577,-8.156343851618635,-0.31207356647390844,9.00188840101938,-8.557416873858834,-2.0818602373779376,-10.764045356252232,-2.3314650120982017,-2.6499823089762398,-13.507525455462542,-7.6900595492602415,-13.99984918166076,-15.472297784426587,-1.0008703935082686e-14,-2.6089807397822184e-14,2.1713533748801694e-14,8.649764932089354e-15,6.781901429331327e-15,-1.7975855179375166e-14,1.1765545135378197e-14,-6.594551293925832e-15,2.180707329123288e-14,-1.3067671944533288e-14,-4.175479406676175e-15,-4.811689241490669e-15,9.789667991186302e-16,-2.5326962749261384e-16,-1.263746052249104e-15,3.961241057393039e-15,-2.2854981795994433e-15,4.930084118726086e-15,2.419939248987646e-16,-1.0364972768961422e-15,-2.065621979019383e-15,6.1847228727263115e-15,6.4362577767429485e-15,5.156031851472065e-15,1.3188235226113676e-14,-2.607289384393141e-15,5.8989271800591325e-15,1.4476267407026455e-15,-2.489328188026718e-16,-4.6265075104301445e-15,2.8076499458684623e-15,-2.311410611521847e-15,-2.5561150418518253e-15
26.133592324032566,2.71481480604975,-4.820818042504693,23.977139220010397,8.613741557642198,-6.779666033781639,22.10097886913348,-9.628175407756363,-11.650567179749515,5.012189374488166,-3.38617264558929,-11.8873365071857,-7.34004783319989,2.9012483610286806,-4.17039009643167,-2.369590136135777,10.811629217816861,-4.719581228064976,11.277972251820986,-5.748853972402153,-5.73906276704266,0.8521629437659843,8.872724279829765,2.6511350847692565,0.4548011595608001,0.8117721818827006,-4.496817702585935,-7.7044833109042665,-2.4943375165467723,4.583979910197205,4.071769830340691,-2.9400194491417864,2.181024691734461,-4.792799778670436,6.318791149362662,3.136738059660381,-4.778924669509879,-11.377101355762878,12.580157023815783,-1.860140120958358,16.664107015395988,10.270838537404472,9.327439948551692,-3.6932884654816696,0.5262476347883127,-12.933543054576253,3.8558593378259207,-3.729655473350135e-17,-2.7226484955455987e-15,8.448103328007051e-16,7.494005416219807e-16,-9.788610894068128e-15,-1.4829500474822233e-14,-6.796429738442633e-15,1.717007612478394e-14,-5.92286094301675e-15,4.9767048121429625e-15,1.932048271369169e-15,-2.9438257387326416e-15,1.805643850584515e-15,-5.942295266958553e-15,2.942091015256665e-15,-2.923225897455417e-15,2.811119392820416e-15,4.7878367936959876e-15,4.31946145518225e-15,-2.7668839441830073e-16,-1.401222887720266e-15,1.184989606439757e-14,-1.2242377250837322e-14,-3.554448402276478e-15,8.552186736565659e-16,-4.924879948298155e-15,-7.194765616613807e-15,2.419939248987646e-16,3.616898447411643e-16,-2.42861286636753e-15,-7.454974138010328e-15,-2.73508971547487e-15,-9.356664748549903e-16
-2.450501206496211,-0.2341562268945588,7.729943024489641,3.61528768684886,4.4027037946788585,-11.679238198995126,7.8436219180489415,35.89663696856558,0.43364347443801204,-17.504759418082102,3.227091369235166,-8.651518402951687,-7.419434292747743,11.465829209333936,13.077820839926364,-0.07791279708123097,-10.036449500369896,8.561774241826136,3.8473185127678207,6.066786123330414,8.94460702278642,7.762215735713607,8.469687484220437,-7.541283044298654,-8.027705553472183,-12.94895794894365,-12.21340634515415,8.803644104861618,-3.779023327841328,1.9428860840306903,-6.478355063628231,-3.6339034641519996,-7.908812387578814,-6.097974538766759,6.561253780767439,9.146022194134382,-9.905987536457591,6.421366221380181,-1.7070006525983346,-6.811858372156133,-7.2227077968101145,2.9222133648803155,2.3762973295637346,4.752805586245884,-3.9263481833011453,-6.31789149991412,1.5803649124431127,7.138387103644561e-16,-9.506284648352903e-16,2.149322386735264e-15,7.574670057852728e-15,5.172945405362839e-15,-3.666771747345976e-15,-1.5482407023093003e-16,9.432558900623889e-16,2.5817293181767953e-15,6.8124759305954186e-15,4.15639744844043e-15,-2.3358051604027708e-15,1.973600319629676e-15,-3.1493904706358933e-15,-1.4944642745540193e-15,-6.917209860457518e-16,5.8173951766882226e-15,3.0340313594834356e-15,-4.336808689942018e-17,-2.071693511185302e-15,4.5254598679544955e-15,-3.015816762985679e-15,5.918876500032866e-15,9.682792762033543e-15,-4.5467102305352114e-15,-4.295175326518574e-15,-1.3201245652183502e-15,-8.12804684668933e-15,-7.971488052982423e-15,-9.292913660807756e-15,1.111090386363145e-15,-1.665578482426544e-15,-3.859759734048396e-17
2.6816895731339216,12.96165074307513,11.1762639203353,13.354481627263663,7.188830649511551,-12.229993407273149,30.376482433015052,8.91908988721897,-1.6102237527495546,-18.550186310330492,9.883418799828249,8.797791315311336,0.40736690850248763,-11.21924873829105,-9.267189125977614,-10.052423153749846,1.4966467376165897,4.240206492501943,-17.572836785640465,-9.205618700359128,0.1389499812454789,-3.2748982275757093,-3.36720134138543,-0.7733318664578772,2.473696072868933,5.630530956736015,-4.151644595226594,-2.525663663861836,5.53443850910297,-2.8186255840418686,0.1361795850607197,-7.471322293170332,15.860978947749887,-7.257756351711279,-6.464466417582805,-2.8647616396477846,13.925805902686346,3.3526231191976117,-3.530412702692475,2.097173644336959,-1.8527266994910279,6.639705417965719,-3.9416708684501973,14.947387177666949,1.655123539406492,-0.6698206581449332,5.648383128457394,-4.5621059013845056e-15,-6.1331148493160015e-15,4.923578905691173e-15,-3.4502023633919965e-15,2.5638670873850966e-15,-1.9861499597761956e-15,-1.0155166096058321e-14,-1.7483491867795187e-14,-5.420583957822106e-15,-1.0942120690429769e-14,-2.6663241926849768e-15,-2.4878645150938627e-15,-1.188112786322873e-15,1.2389340855317732e-14,3.594834933201563e-15,-2.735929972158546e-15,-7.448197874432294e-15,9.678672793778098e-16,8.423166678039884e-16,-9.314028498116911e-15,8.787838078755383e-15,-2.8979639868365048e-15,-1.6132928326584306e-15,-6.814129338908459e-15,6.026320935326179e-15,-6.695598936401481e-15,2.547983525558184e-15,-3.5223018078622825e-15,-5.033598321144139e-15,7.25287885305903e-15,-3.1045587108036177e-15,-1.2062613142507436e-15,-5.275998821857586e-16
2.9328638167138132,-1.152582282067688,8.935035204733177,12.501279332170094,6.434706052309651,-4.766860207608307,27.780401387730453,16.58982560508756,-2.1836481925480298,-14.564524410163106,1.006577483911785,15.14367089340342,5.5250045117390565,-16.032399750030436,1.6804505528039668,-3.03111738172962,-4.3928059081643145,-0.7941823785368753,-1.3035031364574028,-4.139181196196987,4.075164234773802,-8.674225093548129,3.287971887428552,-0.02812777424407454,0.8416742728695122,-5.668520458228833,-0.24456349756298718,8.155898697315502,-2.8317503531037587,3.9983681981567223,22.917302860311345,3.971397672722236,-8.647718158055483,13.593520621328597,-4.3807804924137,-3.5415389371860266,-5.508744099426076,-4.541765025540212,0.2757066942477946,2.981186852133719,3.2704414376758733,-8.8858130677298,4.269558328975518,-13.411275010076604,1.6698057332384977,8.496604079546206,-3.0193099185749315,-4.60532152235342e-15,1.1011042067281956e-14,-3.2274259220005375e-15,-1.3690017544067123e-15,-2.423469682311802e-15,-8.640210400444326e-16,-1.9581114751561837e-14,-6.226832268666112e-15,-3.679975296927776e-15,4.970521471628006e-15,-5.015925825732626e-16,3.847718313670229e-15,7.161680509694054e-16,6.063617490059681e-15,-1.789624763486042e-15,-3.2438007629368576e-15,-4.452520166800533e-15,5.302141646741643e-15,1.7341542698362522e-15,-2.427616755621559e-15,6.604891872145913e-16,-1.6829731510313584e-15,6.429617038436475e-15,-1.3107089469766714e-15,-3.826867750640617e-15,-2.445932996072986e-15,6.787566385682564e-15,-5.449213671439301e-15,2.9331531235972375e-15,6.9139165963585936e-15,1.2688817824148962e-14,-1.3381841546867591e-15,-2.882429402583861e-15
-6.717346878604822,1.1719355913459029,10.530796382799442,-11.067223414268419,-32.71608661121467,-5.4724347242841365,8.189212815720852,-8.527223991925284,-11.53696648276544,-13.982192987614594,-18.539051348105378,10.203370985362035,10.793252740396964,12.232242004216225,-27.460211246035716,-0.05453892420783547,7.758386432953193,-16.955164476771746,5.070656182815823,-5.567649291825822,-7.0865953329629345,7.083450160884912,12.422900601938824,-2.915297461962531,5.4857058810663775,-15.911806596432374,5.791997641385276,9.155350224005957,0.6064120076503547,-7.527921479885228,-4.823641644294342,-3.0439446118898172,-5.391956987754031,0.5048090522013595,3.0317374231622565,-0.9985474864453908,1.8427829916729244,10.33485554786124,-0.7463067868298991,2.3723217917396098,-0.19485738800233968,-1.4636645016251866,-1.4558708100025537,0.0253838982522675,1.3158368008804502,-2.2500403693203173,-0.986218178919144,-1.471826133192522e-14,-8.045647481580431e-15,1.1520298603961976e-14,-1.2036378838065076e-14,-1.721713049906981e-15,5.2345280887600154e-15,3.0403197320838515e-15,3.599551212651875e-15,1.4051531205955259e-15,5.523359547510154e-15,-2.3522850334245504e-15,-1.2862974574368025e-15,-1.5886543382886975e-15,1.263746052249104e-15,2.2854981795994433e-15,-9.510621457042845e-16,2.1250362580715887e-16,4.631711680858075e-16,8.479328350574633e-15,1.1618310480354666e-15,-9.101443557146816e-15,1.5482407023093003e-15,-1.312058101055058e-14,1.3344360338951589e-15,-9.159339953157541e-15,2.2187113257743363e-15,6.957975862142973e-15,4.333339242990064e-15,3.922209779183561e-15,3.0270924655795284e-15,-4.730590918988753e-15,-1.2025157345579851e-15,-1.1999949645069563e-15
-24.6740933311086,19.350408955369303,17.151532089983302,7.490430989406756,11.390973044918464,-6.712817080386719,-10.190614716280933,-6.159491566956085,1.409152025008424,-5.321246486060692,-23.990872730156703,-2.450198604511467,13.802527234606918,-4.595021472341821,0.4438679494604183,-6.678453754346698,-9.719683375359667,9.397953520413987,-3.016291791541443,-10.250413380647796,-8.109472797560676,0.8446040337331066,6.612983083397047,-1.3700346128471605,-14.154623195585001,10.15903671669102,3.0363016444400928,-0.677759712297813,-17.16377954977601,6.782726129450047,-9.073894698580608,7.959397741569019,-3.935623705112759,13.58856387296108,12.845696971581425,0.525555684745597,12.295999932318322,-8.518870596050812,-4.0292631703586785,0.035134963537183164,-4.680150878498001,4.287658882577884,1.6654467312436578,0.1035390129526975,0.5341169510584016,-1.8844375017247956,1.9991752550454651,1.00674676928314e-14,-6.862566070964249e-15,-1.2493478473984965e-14,5.774894451526791e-15,-4.754877047652428e-15,-2.5240226575462543e-16,7.789342088004858e-15,5.967015076491222e-15,-4.791848341734184e-15,1.7039321342782188e-15,-1.4155343563970746e-15,-4.753142324176451e-16,3.649478722694832e-15,-2.7911700728466826e-15,-3.3306690738754696e-16,5.542441505745899e-16,5.429684479807406e-16,4.636915851286005e-15,-3.2491370705045597e-15,6.282301068250007e-15,9.42648736845797e-15,-1.474514954580286e-15,-4.180683577104105e-15,7.858297346174936e-15,-3.247402347028583e-15,-1.3287981825982342e-15,-8.002279394681011e-15,-5.30825383648903e-15,4.50941367580171e-15,-4.810388198883686e-15,-3.327199626923516e-15,1.5722286753755421e-15,5.017687654262915e-16
-9.437758607736798,10.130161573910122,33.76750104975794,-8.555556212009385,18.292775699106322,-2.4287790368215627,-4.718486032405537,2.0540632187297305,-0.4791616254691065,12.85229699352642,-5.159997962729917,-4.683047697773797,0.4144141476858181,13.182549748656765,-14.75948152275445,-10.418589245875419,16.744563822089866,6.161340013939898,-26.92643751184624,4.489762679708218,0.13846958183004102,-4.824393962768799,-10.973069021866893,-13.326280613649638,6.447395594543727,-3.928283006002262,1.600747680149017,3.795721429194431,-2.9981819630401816,0.46736061816187535,-1.7902947385132038,12.638833726001204,4.991286421887768,-8.877066141561185,1.255131451880171,0.7361261439141955,-13.144689955813442,-3.551897250814976,-4.441260992034954,-5.066649513526016,3.089478012355173,-2.5565661274222022,5.622473669762772,-4.864769291593976,-0.8246107327279063,1.669545545785144,-3.4995106862313126,-2.41251246410612e-15,-7.645468459716032e-15,-5.155598170603071e-15,2.440430670047622e-15,-5.379052238352333e-15,-2.410127219326652e-15,-1.8043292554503765e-15,-4.783716825440543e-15,-2.6615672556531966e-15,1.2167350460501325e-14,1.8373974217111844e-15,-1.3225098099978183e-15,1.3560116571276204e-15,-2.4706799106599675e-15,-7.072033930688448e-15,-1.3698352348268106e-15,-3.2573770070154495e-15,-3.0576669668436196e-15,1.0538445116559103e-16,-5.381979584218044e-15,-4.042447800112203e-15,7.775355879979795e-15,-8.247525926097232e-16,-6.706766218778082e-15,3.894454203567932e-15,-1.405776536844705e-15,-7.39425881635114e-15,-1.5870551400842814e-15,3.195414852857903e-15,2.1467203015212988e-16,2.985025421287091e-15,-5.113470139938431e-16,1.0228905396314492e-15
9.69803235480846,5.911008290170158,-24.350064850785795,10.9699256362134,5.018928055226528,2.7122803858747355,-24.594675891871006,4.1371495940248835,0.47051609563813723,-18.369855802427438,8.240006886993243,-15.039306279467368,-5.11552490023702,11.164810194467782,0.05587695351831869,2.856751480416358,-2.122681603417262,-4.865884121523758,-17.284323135962424,-0.8985570564869038,2.7943338545899397,-2.0999976935506224,-1.4397635487793186,7.395475079939011,12.495041779683547,-10.58174774553267,7.790981423084998,-2.6640545789360663,-4.219903409654059,-1.8454427625410301,-1.6640425549947797,-0.43961389943157886,-6.565968843558491,8.24172944063534,-8.527638826975453,-3.8940438521230516,-2.0621683611671138,-8.201553431474425,-4.867165719890179,17.602244947969385,-2.317116945110865,0.5989092542421808,0.8958629113926351,-1.8483530801715193,3.6469917494358888,-8.771350772601565,12.425767895360922,1.1080546202801855e-15,3.914403523541665e-15,-9.575673587391975e-15,1.710350611139333e-14,1.3945442023377552e-14,3.964710504344993e-15,1.149384407095333e-14,-2.385591724163305e-14,-8.478135728184899e-15,9.183192400952223e-16,2.914335439641036e-15,4.592680402648597e-15,2.5792085481257665e-15,-2.2195786875123247e-15,6.463579671489583e-15,3.0444397003392965e-15,-5.448766438043151e-15,-1.0200174038743626e-15,-1.987993103469421e-15,3.677613769070831e-15,4.3385434134179945e-15,-2.1692717067089973e-15,-7.534771417905262e-15,-1.5417354892743873e-15,-5.493869248418548e-15,-4.933553565678039e-15,9.043113480267095e-15,9.093420461070423e-15,-2.645453300864631e-15,-4.73232564246473e-15,-1.6432168126190305e-14,2.330953355680898e-15,7.637120102987893e-16
5.297049285792576,-8.083213664565084,-32.89082118589055,11.354479257103558,-10.49754418966174,2.419937557795431,-0.8527043126079307,0.7241948165354554,9.137431863594642,0.6810924321942415,-7.005445163572334,4.947028062224185,1.2750299742097486,-2.0226442191485785,10.357375804189592,-11.211497451092454,8.869331084518834,-4.981584058409644,-6.0152386489340115,12.261429453140604,-11.597156718674253,-23.30946626421466,4.661248585490926,-0.3535158274630043,9.209585583389151,6.21566668312458,-1.7081041575459426,4.802502333796927,2.443798290971651,-3.105292580899008,-3.2554722512193046,-0.29385703236655086,2.460625568749276,6.726697101762882,1.6516448169236477,11.831994165738617,3.251659140756902,9.022142143969214,-4.332722241435447,-18.043831391821048,-2.957683393014806,1.6964295466676766,-3.3249707935035087,-9.205027467657434,3.811801414701233,-3.8909570587625133,8.864084636694995,1.5493249044817858e-15,1.3615844562941959e-14,-6.76975836499949e-15,5.553717208339748e-15,6.738533342431907e-15,9.266675968233606e-15,-3.797960210216722e-15,-8.596313764985819e-15,8.837169277603474e-15,1.4977710911801e-14,6.808789643208968e-17,2.4103982698697735e-15,2.17653586126465e-15,-9.397864431104352e-16,-2.8744367996935694e-15,-2.47198095326695e-16,-1.108921982018174e-15,6.158268339717665e-17,1.214306433183765e-17,8.803721640582296e-16,-3.943785402416022e-15,7.089381165448216e-15,-1.6740081543176188e-15,-1.5241714140801221e-15,-6.080205783298709e-15,-1.2525570858290536e-14,-8.72565908416334e-16,1.9463597400459776e-15,1.7614815855937493e-14,-3.0661237437890065e-15,1.1316034914665707e-14,5.826231424393979e-16,8.174884380540703e-17
4.291659209935923,4.406198305329981,-30.267154588636796,21.646944280049006,-5.597393903075008,2.5945104788357556,-10.61476812856653,2.0876309869905962,4.754834139413412,-12.692866168891973,-4.211326382487227,-13.456530672648155,2.8010670929161385,0.9794431391124893,-1.1152747402822631,-4.561079996911432,1.5810398951347626,-3.810910372654584,-1.9466542616084674,2.229809552459717,-0.8359851759558915,-10.887461587071,7.399866083663775,-2.945065221386052,6.539661543196627,-2.909269742945718,2.8959127086671335,-5.063043764931943,-6.112136975349366,-1.7322368219158504,0.08518168363687244,-1.6043012953131697,0.8267851904277228,-0.03048052299327164,-3.344313916508468,0.06823358823602281,-0.6765169438232636,-9.159019210668744,8.5533608052167,-6.033722963539607,-2.885412384662848,-3.7187554587905267,1.0575952451228974,15.35751487987519,0.23847904238262121,6.186996878857891,-24.34455925216074,8.6650521827214e-15,-5.162753904941475e-15,7.045145716810808e-15,-4.2083307325024855e-15,-1.4009084690902451e-14,-1.5322487202651391e-15,-7.0367973600826694e-15,2.5086080131589417e-14,9.998871576630958e-15,-4.047380919997012e-15,-3.3203691532368573e-15,-2.1070385020083293e-15,-4.1421232492133e-15,-1.0123846205800646e-14,-5.3883763770357085e-15,-4.1356891869459567e-16,2.4366359624439227e-15,-8.801553236237325e-16,-2.2043998570975276e-15,8.539501571147579e-15,-9.952948838362619e-15,3.779637193501717e-15,3.3652551231777572e-15,-1.209210682973083e-15,9.21550162569229e-15,-1.1618310480354666e-15,3.657447608662601e-15,-2.8199014304175485e-15,-6.708826202905804e-15,4.5102810375396984e-15,5.793325888459044e-15,-9.551821139597294e-17,8.532128996374677e-16
17.96726802337419,1.8081049792640835,-11.394849282484014,-7.075919935504058,8.121257086050933,-2.4852374843590446,-5.822568443782403,8.16704218037834,-8.954674998303874,-2.4635326586180475,-14.517908944602514,-8.335511483801083,1.3151317404522307,-6.481861319784431,5.044912501781521,12.435061439380243,-10.506117290479592,-15.88358114127317,-3.3755945791324855,2.4478308258079617,4.812069548839329,-6.708681838615554,-11.31808850466245,15.492054864122725,3.1756114059328997,-4.492239339465847,3.9784467113842177,10.592855795392216,4.2603377993504665,7.583554029107899,-2.2680037755861444,-6.786172335007528,11.135045935967952,-10.121839524139375,20.325114101152163,-2.4499616107317896,7.008372629586476,2.186762371990486,-9.327045843588753,1.6590578619156209,7.325359551676181,-2.31529808750366,8.64626324944099,-2.0806255144262917,-5.163611000506138,7.186254772547524,-2.1493948260307656,1.1236671315639768e-15,1.870031907102998e-15,-2.373101715136272e-15,4.577935253102794e-15,2.9785202082521778e-15,6.966215798653863e-15,-3.3987569703075593e-15,8.754715702385951e-15,-7.665146729146644e-15,-5.237130173973981e-15,-1.897787482718627e-15,1.5092094240998222e-15,2.1060356149987802e-15,4.1988981736018616e-15,-5.741934705483231e-16,2.3822090133851503e-15,-1.1591422266477025e-14,-4.93875773610597e-15,5.218048215738236e-15,-6.121839146722152e-15,-1.1888927342607047e-14,3.3749045225128782e-15,7.932890455641939e-15,3.28426522089309e-15,2.284630817861455e-15,2.7200464103316335e-15,4.583139423530724e-15,-1.3183898417423734e-15,-4.154229044095459e-15,2.060851489460447e-15,1.5803330866148713e-15,1.4023341949470636e-15,1.4589024432964948e-15
-0.10879224877348377,1.3365891273417587,2.9011958137319502,-25.616934344496254,36.21394788059636,-10.201232201557625,-7.630053700233709,8.167802719405106,-1.768730931809887,5.396724960027903,-16.71543717944241,-0.15708404654841163,3.646825160345084,-11.471195430108777,-2.5711026502613463,6.582307319333391,-1.4675990948773368,-14.35897149522137,4.564264013103547,7.3335459879078275,10.974934027432981,0.24130260843146167,0.993881656665801,-12.089942508907694,-0.11469702711426259,-6.195969831997106,3.28446674888586,-14.763686266188298,1.6177521545164062,2.759805867436305,-5.908951870992799,-9.995500206662406,6.4575172240134275,17.356904759521143,-9.01916082543138,-4.983320800400149,-6.350165515091227,8.704455067471226,6.244661572504871,-5.124886341558256,4.381672305725646,5.42683807143902,-4.071387069491832,2.8257838936407698,4.351354512736682,0.9323914329203662,2.208578353919936,1.3099330647969865e-15,-6.6361846573492755e-15,2.2638141361497333e-15,1.1012024625500771e-14,-7.226424320050384e-15,-7.877596144845178e-15,5.763185068063947e-15,-2.1866189414687653e-15,9.628257392757522e-16,1.1521816487003456e-15,-5.3013149425851225e-15,2.776858604169874e-15,1.2740188678334041e-15,3.4954678040932663e-15,1.5890067039947553e-15,2.7525724755061987e-15,2.871834714479604e-15,-4.393187202911264e-15,1.618497003086361e-15,4.926614671774132e-16,-3.4384387698205288e-15,-3.1064560646054673e-15,-1.2689502226770344e-15,-3.796008646306248e-15,-1.8362047993214503e-15,7.778500066280003e-15,-1.682681771697503e-16,1.4129322711831094e-15,5.579954900913897e-15,3.0964814046186007e-16,1.4918621893400541e-15,-8.622930928320338e-16,1.2800090848363865e-15
0.1616164662369466,-37.00708087136593,-16.63095821819228,-16.106179847721407,26.943078930021606,-2.2405022943777815,-4.755410616904311,12.085934515744094,10.91465301290551,6.19334058448395,-18.330854327726055,-2.9485685306361487,-6.408836324053923,-9.313738167735343,-0.49849937521428583,-0.8810588039697848,6.007323879179621,-7.776475192393448,-2.253755938903585,-6.482649398061105,-1.659422403046322,12.255697476782217,13.946144969521459,-8.249970832388998,8.763007428365215,16.80446949306573,-3.197363323280746,2.67145914481283,3.8320172138249,-12.550010472777416,10.784765578814039,2.686094654981022,-10.147085733918138,-13.069672070630789,3.5774687317247986,2.1889407814843627,5.513149386477318,-3.3866086211125506,-2.965739095589752,7.2190464716862435,-2.3474238842324935,-4.661065715588515,-5.990039702239012,0.8000481379898293,-1.3161151545894993,-2.6485138997899633,-0.3221842281862762,-5.967448757360216e-16,2.2515843356440968e-14,-8.834946663149879e-15,8.060392631126234e-15,1.8067145002298446e-15,8.023096076392733e-17,1.4114577562285291e-14,-8.186160083134553e-15,-3.686937907754206e-15,6.100155103272442e-15,7.450637329320386e-16,5.915407053080912e-16,-6.40850220112732e-15,3.3107197539017363e-15,5.153863447127094e-15,-5.5441762292218755e-15,2.55351295663786e-15,-4.5189546549195825e-15,5.729791641151394e-15,-8.760353553682876e-16,-1.1748414741052926e-15,-3.234391920958757e-15,5.022024462952857e-16,4.05838557204774e-15,2.3158558404290375e-15,6.045511313779173e-15,3.660266534311063e-15,4.969982758673552e-15,-7.337880303381894e-16,8.430756093247282e-16,3.398323289438565e-15,2.3345583279044124e-16,6.72639027810007e-16
-6.440670361438158,-0.7564564044880352,-17.24858583582383,-18.17277870962791,12.537653035982618,-17.011005137010287,-18.453977918791765,-1.283494718493103,-25.483343394669117,12.492969010459063,24.60814377757188,4.7099935737799745,-1.2995469799016282,-8.724494964286622,9.0431103231502,-8.857281717512095,5.675641463448227,-5.660151250774818,-0.5079704141417724,-15.632844562807676,-11.541045455967728,5.41536304976223,-6.826449050354487,0.5288753614921416,-1.6924361948815976,-11.965016632971176,-4.625649913368951,17.3053313874516,0.7855620458897503,8.963339851382337,-1.9901031551337491,6.137277355297463,-6.332071685719518,0.136406182378064,-3.0508784332335246,4.4277221966796585,7.777415351132411,0.6042359481195388,6.49594326248383,-3.382523465040095,1.4999393316009764,1.7425034731336453,-3.1305219610954884,3.311651349578866,9.99155128704039,0.14200185524229852,-3.313512950102552,2.589942149633373e-15,-5.108760636751697e-15,1.6896206656014101e-15,1.7867651802561113e-15,-2.671474153004283e-15,-1.4335754805472334e-14,1.640939988056811e-14,7.097837942393603e-15,4.174205469123504e-15,2.8193593293313057e-15,1.1943571132100317e-15,1.4970663597679845e-15,5.730279532129012e-16,-7.551251290927041e-15,6.461844948013606e-16,8.023096076392733e-16,1.7052331768852014e-15,1.231653667943533e-15,-5.568462357885551e-16,2.5461403818649586e-15,2.614011437862551e-15,6.11229816760428e-15,-6.879913305724017e-15,2.0946785972419946e-15,4.496403249731884e-15,-1.556046957951196e-15,2.6818824938601438e-15,-3.798177050651219e-15,-2.750837752030222e-15,1.9827889330414905e-15,1.442422570274715e-14,-8.187488230795847e-16,2.0252896582029223e-16
-10.610977240495423,-16.548280316866634,-25.86012991573957,-7.624464224047211,-10.75196306598321,-10.905809531691816,-0.8478671234277467,-4.136588780126533,-5.443756109717084,0.22607571068627552,7.167884868611546,4.402449695151091,12.941003072882344,-14.240219444235846,2.08208162938988,-6.5073356119466785,16.49477778150264,-2.399592007088088,3.1292828342639063,-7.1583772963533745,3.841015130221681,-10.363461547796659,-0.1006480974802707,-5.003092323200719,-11.768824926505564,-4.719893826137841,1.5277067473127666,-8.218111347642559,3.9254284660673715,5.865655148005163,-6.106337662857791,4.345217203340885,1.2272072955028193,-2.044405139212832,2.921308896341852,-2.5924986164728447,-10.023588733930769,-4.49621998149329,0.5173971980643687,6.195901413839401,-6.3511265637050744,-3.2076818776338873,-2.1242204440172467,2.365438733163796,-24.64770328454405,0.40261488530372946,6.628970164289333,3.1129612776403803e-15,1.4996684449819497e-14,-8.205242041370298e-16,-1.6552731407770693e-14,-6.245004513516506e-17,8.694000380726763e-15,-1.9016906105395748e-15,2.4147350785597155e-14,-1.2131436263537743e-14,-1.3319748949636168e-14,1.3522169495239211e-15,3.8267999880048365e-15,3.1772544664687707e-16,7.47579081972205e-15,2.3939183968479938e-15,-2.8189256484623115e-15,1.7572748811645056e-15,-4.605690828718423e-15,-2.2239154962022667e-15,-6.149594722337781e-16,3.326765946054522e-15,-4.7444687067965674e-15,5.074933528970149e-15,8.802854278844308e-15,8.378714388967978e-15,-5.5892790395972725e-15,8.621575675604731e-16,-9.51322354225681e-15,1.3179127927864798e-14,-1.8023776915399026e-15,-2.0442848802648683e-14,4.1996571151226014e-16,2.4969176032341167e-15
-13.152864706282537,-16.166870739908976,-25.553387025590805,-9.130349557909936,-6.69398571663664,-10.428745286822085,9.293037734729163,-3.350393559766849,8.109988000436656,-3.481462113024091,-1.6820534527055844,-0.2074993728212669,10.375722087808382,-1.3542608047770415,-3.4179668776337433,-3.84152291539559,-0.5732414698129836,2.934321741497555,7.263852497455162,-0.838011278000592,12.165598184337002,-7.911215212536605,-4.068495511070403,0.891213189037275,-13.659099972808887,6.569580420631979,1.7630995887425929,-4.899287305860809,1.1939768480436266,4.015669932735635,-8.232336787845718,2.7210725134022984,0.7798019125359732,-15.403956568024462,-1.7403463875734386,-7.913240361305938,-6.523753169253123,2.653317047825176,-0.7005616763986667,6.2665900172214135,-8.12808908016054,-0.502169596509925,9.1377375243068,-6.714251620946624,23.416546621761544,-3.1792641679565032,-2.3581309776511477,-4.550179677487165e-15,-5.087076593301987e-15,1.878185107440089e-14,1.131126442510677e-14,8.357464026387262e-15,-7.798015705384742e-15,2.3826426942541445e-14,-2.971104265392377e-14,3.0363759466814355e-14,6.024260951198457e-15,-2.533997317533121e-15,-9.740472317609772e-16,5.012930717231134e-15,5.404097308536748e-15,1.448494102440634e-15,1.3849598551329834e-15,6.652664530371055e-16,1.0807327255335508e-14,-7.113233613242897e-15,8.630249292984615e-15,3.1029866176535137e-16,2.4980018054066022e-15,-2.6419838539126772e-15,-2.7243832190215755e-15,-4.079202253759462e-15,1.7520707107365752e-16,-1.2627052181635179e-14,5.030698080332741e-16,-4.7769947719711325e-15,1.2440569407967672e-14,8.114169058881515e-15,1.1504604777515248e-15,1.3420254491025574e-15
25.0958974089974,-19.597889642840087,-8.01893361230935,-10.134098517969825,8.380518744900838,-0.5831996423023867,12.70099609215459,-1.6293734144395569,19.50125035547612,-3.9159460498573373,2.516991554931756,10.749392899071836,20.471010416325466,14.449292119230856,8.6763990227228,2.6751814551693585,-4.359310697025944,12.241037626147104,-6.409601157250411,-1.4623930461786567,-5.265854644085657,10.682626373674537,4.650718072388745,4.982919413865,0.31977055259290893,2.5948988177817394,20.40892484073464,1.6133894031455545,11.894081098594953,9.887106129032484,-9.617254866912155,2.230926636016064,-3.891315677153456,0.6975587580359637,-9.009776296923487,13.081450889470084,-0.19529199130106592,1.2574311505214337,0.02477181850771245,2.545717218227202,11.848802477241167,5.596927857970852,2.1648923166238982,0.7692789767341938,-3.7069542405677613,4.102617190923896,-4.147663499376253,4.11823353196894e-15,9.886189089591824e-15,1.445718544879071e-14,1.3367779105877275e-14,-1.078998002057574e-15,4.412702842016003e-15,-1.5277492812493243e-14,2.899308397530387e-14,-8.739645292188403e-15,-2.663234216493393e-15,1.2776238400569184e-15,-2.680147770384167e-16,4.222398255690485e-15,3.456436525883788e-15,1.887379141862766e-15,-6.305719835175694e-15,-1.2611439670351388e-15,9.228728892196614e-16,6.418476861114186e-16,-2.0755966390062497e-15,2.5804011705155006e-15,-3.408731630294426e-16,2.4234086959395995e-15,1.332701310419182e-15,5.663872149064275e-15,5.783568068906675e-15,4.822531263215524e-16,-4.4374226515486725e-15,-3.877540649677158e-15,2.983724378680108e-16,-5.657800616898356e-15,4.88487288813344e-16,-2.5522119140308774e-15
15.270264407622802,-0.7848815144975679,-5.051489889893905,6.878570910729187,-0.7518179236292213,-0.4151507162132513,10.880603684017702,-7.731034889560509,-2.4852145804359367,14.706039796387387,-1.4871337121389667,2.219408464458287,13.370274268055628,1.0761559577174948,3.2555557227064162,-0.4039975145078819,-3.816130758311243,-1.3228384308255634,5.938562193371747,23.06979458033264,-3.9018639052113695,5.039472658136179,-13.155664644663462,-16.118576902098205,5.329377455839865,-9.638414833053288,-15.211381381460182,-4.549690715109584,7.01772086962058,-6.222371084588591,0.7526448004498869,4.16461495347628,-5.907246743652255,4.486661356942518,-2.9657230744447545,1.3466940594881869,15.557883906514595,-4.108046211036522,-3.9649762607832257,9.318023239006624,-8.043950821406877,6.4352562669239015,14.240342102718746,0.31708777955300804,-3.1463638590032543,0.0226918159427121,-2.589463737748898,-6.486347917111779e-15,1.1633055629900468e-14,-4.126039787610836e-15,7.785872641052904e-15,2.295906520455304e-15,-7.958043946043603e-17,4.693511204689749e-16,-7.068998164605489e-15,2.20795604022328e-14,9.736460769571575e-15,-1.2450977748823533e-15,2.054779957294528e-15,3.4610443851168515e-16,-1.1171619185290638e-15,5.455705331947058e-15,5.947282596951986e-15,2.267717263970681e-15,2.8033131371785203e-15,-4.629976957382098e-15,-7.683090275101279e-15,1.700029006457271e-16,-3.0401028916493544e-16,6.669144403392835e-15,7.041025748555363e-15,-5.048912676830497e-15,7.0230279924921035e-15,3.2534738791945017e-15,3.603020659603828e-15,1.097776383685023e-14,2.0122792321330962e-16,-3.750038474192863e-15,2.435483997635657e-15,-5.689893001203927e-16
9.327136022177312,17.73545870522152,-5.949645007918463,-12.508289435675932,4.030931121164667,7.093545780983869,4.0952507869848755,-8.822168040508304,-0.8315473753364604,-0.09440484504331739,-0.008660533081315744,-4.563317344728251,17.124987522709198,11.561798057470046,-2.0661897013193307,1.5447229077362286,-7.849684944620616,5.892174549947481,-2.738601202703967,5.461644548570188,12.02746728667833,5.271857298114367,-1.8960425453485263,1.2183956155483098,2.5750861060461467,-5.811654883519382,7.0198073783864094,2.7750893117160293,7.295529122074132,2.4868447080320446,15.183859083594609,-0.11098729461949906,5.670166988080589,-5.612068933965983,9.169117090195009,-0.8154277024758064,4.8697659624499705,-9.373684230230971,18.795402847700398,-7.769214406374595,-14.473464001062109,1.448052357368585,-14.735725071513306,-5.771137868980976,0.4096704135629435,-0.9550821359621982,5.117569011282619,2.9236595783244113e-15,1.7585759237714882e-16,-1.2867311383057967e-15,6.861481868791763e-15,4.213318062495919e-15,2.630328680558458e-15,-5.719166459861036e-15,1.998238813999409e-15,-1.232643002425926e-14,9.872934718033188e-15,9.62012587646388e-16,3.605297484166048e-15,-5.392719961989229e-16,4.284658565445465e-15,-5.443995948484215e-15,9.933406094203567e-15,5.034167527284694e-15,2.7694860293969725e-15,-4.925964150470641e-15,3.682058997978022e-15,4.6784407944922e-15,1.4034997122824855e-15,-5.727189555937429e-15,-9.970540018611196e-15,4.415088086795471e-15,1.5694910648900162e-15,5.642188105614565e-16,-4.5026916223323e-15,-6.396250716578233e-16,-3.0357660829594124e-17,-1.6844164951734797e-15,-2.490276864927643e-16,-6.396792817664476e-18
25.39238631465626,7.781934862030879,-12.414081406248325,0.8041016322966511,-2.1981721427451286,-6.0036706739979815,3.382944232187935,-11.920727255251684,-4.268947061197002,0.5065585846561644,7.860301309524107,3.239305227003183,18.506545547512445,11.70998135086058,10.959884381953628,5.702574454719738,-5.236128758474579,-1.4771775798290259,-0.5326398393875655,4.4952073897313385,-6.499185462154842,4.853142623947001,-1.2406062933680482,-7.8494110899039065,-11.236866363706167,2.981119709219048,-9.976748665167664,-0.11089963331023288,-3.0353878216254855,-13.66767384200743,3.068149155377586,0.3346660936616208,4.660639782770939,3.3901693017034944,6.9982915962974905,-5.79392823848344,-10.429068676950125,-6.0627315347579005,-11.97381579336918,-2.0077263651485078,13.232590925592092,-13.510595801360758,-10.561598557476529,9.357971358612843,7.289203750957173,0.7623847701153657,4.41306013033956,6.4660733364863e-15,7.417677583276827e-15,1.0714085868501755e-14,5.781616504996201e-15,3.9193908535350985e-16,-5.303266506495596e-15,-1.103191973536588e-14,2.4407640622156612e-14,-4.463538371378417e-15,-2.49563011315429e-15,-2.5281426258016992e-15,-6.653748732543541e-16,-1.3989494512898354e-15,-4.491741180390196e-15,4.98732999343332e-16,-1.871387159818605e-15,1.6566609195578508e-15,2.3192168671637425e-15,2.998035847356917e-15,3.877106968808164e-16,-2.6264797628461345e-16,2.0670314418436142e-15,-5.2808235215251464e-15,-4.81233976279416e-15,-1.7486012637846216e-15,4.4499993967495044e-15,1.893884354897679e-15,1.0580403740634292e-14,2.1782163746320027e-15,-3.6290415117434804e-15,-7.464406696910952e-15,6.536383847371985e-16,1.151666652668415e-15
26.395812149455846,12.447560720250127,13.63797217235646,-25.5801765182194,13.114590312853174,10.471535173326041,-10.165819931101797,-14.430678513376977,16.48906723293305,-17.729379984811462,7.909626738797376,22.63596480108489,-8.157864966749882,10.397593636043984,5.069420180386201,21.22835517920935,15.36929339091363,4.336795921860083,7.820902457275707,-10.28097735823012,-0.771548163763225,-17.07225221692713,-6.062493732011324,-10.453247479820812,-0.6051462242848762,2.071503937404042,-5.3851230364087455,1.9489641691269546,-10.61085235812672,0.13886401348229022,1.7563805056647943,-12.094978099889255,-5.173675854857231,-3.8198022031178325,2.5466232013355485,0.8995721523965567,5.298320680520144,-0.9805937006022913,2.293058474558831,0.7971003083650069,-2.6179703900207,1.013613149407056,3.8154760343055556,-0.7132625242939346,-1.4669037047020312,-1.4810216109991872,-1.614393992310404,7.578139504804682e-15,8.777700788442644e-15,-5.037636974236648e-15,2.8629876247521224e-14,8.444633881055097e-15,1.0531506222655196e-14,-1.312058101055058e-14,-1.3763296058399987e-14,1.8858612588212864e-15,1.3722530056714533e-14,2.5326962749261384e-16,-3.819861094100929e-15,-4.678386584383576e-15,-4.53109771925142e-15,-4.7253867485608225e-15,2.0105445086571194e-15,2.2863655413374318e-15,-3.497202527569243e-15,9.71445146547012e-17,4.666406150377611e-16,3.3480163086352377e-16,-4.9439619065339e-16,6.366435156834882e-15,-7.424616477180734e-16,-4.211908599671688e-15,3.858025010572419e-15,1.0845491171806998e-14,2.661065812148422e-15,-1.8474805019152996e-16,5.061923102900323e-15,-1.3010426069826053e-15,2.4078503947644325e-15,2.8796409701215e-16
18.80380326920242,-12.644793114585417,-2.7856803808181274,-14.821243002118795,11.324557309845561,-2.7653095736185636,8.416838062113396,-6.877461567345382,12.59180704290569,4.345938298061689,-5.251582162961625,21.268553942014197,-14.153077136994465,3.132102845132224,0.5813616999970785,-16.151676297242137,-17.452577798830635,2.5387219895093365,8.917941936612927,-0.9494924429311069,-12.072371816104864,1.2534987766474845,-5.659940208882674,19.201300439164214,12.873865553654287,-12.11612056288825,-3.24759917509145,-11.24662306682208,-13.491077618274145,-1.2397255293379672,-0.43134441687679553,12.104754368742027,3.9592262445925677,-2.5940574937112024,2.7946037632944716,-8.416975773072197,-7.408186419915774,3.3926450303419875,-1.7497794018143236,-1.0060469421169382,-5.282777264772007,1.730455346349413,-4.065202578797101,3.0649574614848047,-3.173336854959714,-2.801322285844349,-2.1508360356918454,-1.0868909938732685e-14,5.633514488234681e-16,1.2139594884885696e-14,-2.242130092700023e-15,-1.0334615108131828e-14,-4.625206467823162e-16,5.6698352610129454e-15,-1.0446179511680587e-14,1.3915084362547958e-14,-3.5433895401171256e-15,-2.8015784137025435e-15,4.336808689942018e-17,-7.427869083698191e-16,4.2370620900733513e-16,4.086141147663369e-15,-7.533036694429285e-16,-5.477389375396768e-16,-4.920543139608213e-15,-4.527628272299467e-16,1.9554670382948558e-15,5.8656421733638275e-15,-3.5457747848965937e-15,6.369037242048847e-15,1.8277480223760634e-15,-2.2724877535296173e-16,1.3227266504323154e-15,9.08995101411847e-16,3.697563089044564e-15,2.4704630702254704e-15,-3.789503433271335e-15,1.0497245434004654e-14,4.874572967494828e-16,8.738669510233166e-16
